ID,Question,Sample,Classification
0,,the Goat eats Beet,animalEatsVegetable
1,,the Beet eats Goat,vegetableEatsAnimal
2,,the Bear eats Cabbage,animalEatsVegetable
3,,the Cabbage eats Bear,vegetableEatsAnimal
4,,the Ferret eats Cauliflower,animalEatsVegetable
5,,the Cauliflower eats Ferret,vegetableEatsAnimal
6,,the Kangaroo eats Spinach,animalEatsVegetable
7,,the Spinach eats Kangaroo,vegetableEatsAnimal
8,,the Tiger eats Broccoli,animalEatsVegetable
9,,the Broccoli eats Tiger,vegetableEatsAnimal
10,,the Deer eats Asparagus,animalEatsVegetable
11,,the Asparagus eats Deer,vegetableEatsAnimal
12,,the Boar eats Broccoli,animalEatsVegetable
13,,the Broccoli eats Boar,vegetableEatsAnimal
14,,the Rabbit eats Turnip,animalEatsVegetable
15,,the Turnip eats Rabbit,vegetableEatsAnimal
16,,the Fox eats Turnip,animalEatsVegetable
17,,the Turnip eats Fox,vegetableEatsAnimal
18,,the Tiger eats Spinach,animalEatsVegetable
19,,the Spinach eats Tiger,vegetableEatsAnimal
20,,the Hare eats Asparagus,animalEatsVegetable
21,,the Asparagus eats Hare,vegetableEatsAnimal
22,,the Antelope eats Onion,animalEatsVegetable
23,,the Onion eats Antelope,vegetableEatsAnimal
24,,the Chicken eats Cucumber,animalEatsVegetable
25,,the Cucumber eats Chicken,vegetableEatsAnimal
26,,the Squirrel eats Wheatgrass,animalEatsVegetable
27,,the Wheatgrass eats Squirrel,vegetableEatsAnimal
28,,the Fox eats Cauliflower,animalEatsVegetable
29,,the Cauliflower eats Fox,vegetableEatsAnimal
30,,the Hamster eats Beet,animalEatsVegetable
31,,the Beet eats Hamster,vegetableEatsAnimal
32,,the Antelope eats Pumpkin,animalEatsVegetable
33,,the Pumpkin eats Antelope,vegetableEatsAnimal
34,,the Hare eats Zucchini,animalEatsVegetable
35,,the Zucchini eats Hare,vegetableEatsAnimal
36,,the Elk eats Basil,animalEatsVegetable
37,,the Basil eats Elk,vegetableEatsAnimal
38,,the Elk eats Pepper,animalEatsVegetable
39,,the Pepper eats Elk,vegetableEatsAnimal
40,,the Boar eats Tomato,animalEatsVegetable
41,,the Tomato eats Boar,vegetableEatsAnimal
42,,the Cow eats Wheatgrass,animalEatsVegetable
43,,the Wheatgrass eats Cow,vegetableEatsAnimal
44,,the Squirrel eats Radish,animalEatsVegetable
45,,the Radish eats Squirrel,vegetableEatsAnimal
46,,the Ape eats Celery,animalEatsVegetable
47,,the Celery eats Ape,vegetableEatsAnimal
48,,the Elephant eats Tomato,animalEatsVegetable
49,,the Tomato eats Elephant,vegetableEatsAnimal
50,,the Giraffe eats Potato,animalEatsVegetable
51,,the Potato eats Giraffe,vegetableEatsAnimal
52,,the Chicken eats Tomato,animalEatsVegetable
53,,the Tomato eats Chicken,vegetableEatsAnimal
54,,the Tiger eats Turnip,animalEatsVegetable
55,,the Turnip eats Tiger,vegetableEatsAnimal
56,,the Elephant eats Pepper,animalEatsVegetable
57,,the Pepper eats Elephant,vegetableEatsAnimal
58,,the Kangaroo eats Lettuce,animalEatsVegetable
59,,the Lettuce eats Kangaroo,vegetableEatsAnimal
60,,the Pig eats Potato,animalEatsVegetable
61,,the Potato eats Pig,vegetableEatsAnimal
62,,the Monkey eats Radish,animalEatsVegetable
63,,the Radish eats Monkey,vegetableEatsAnimal
64,,the Elk eats Asparagus,animalEatsVegetable
65,,the Asparagus eats Elk,vegetableEatsAnimal
66,,the Chicken eats Lettuce,animalEatsVegetable
67,,the Lettuce eats Chicken,vegetableEatsAnimal
68,,the Giraffe eats Mushroom,animalEatsVegetable
69,,the Mushroom eats Giraffe,vegetableEatsAnimal
70,,the Lion eats Pea,animalEatsVegetable
71,,the Pea eats Lion,vegetableEatsAnimal
72,,the Cow eats Radish,animalEatsVegetable
73,,the Radish eats Cow,vegetableEatsAnimal
74,,the Buffalo eats Potato,animalEatsVegetable
75,,the Potato eats Buffalo,vegetableEatsAnimal
76,,the Boar eats Daikon,animalEatsVegetable
77,,the Daikon eats Boar,vegetableEatsAnimal
78,,the Giraffe eats Turnip,animalEatsVegetable
79,,the Turnip eats Giraffe,vegetableEatsAnimal
80,,the Mule eats Lettuce,animalEatsVegetable
81,,the Lettuce eats Mule,vegetableEatsAnimal
82,,the Bear eats Kale,animalEatsVegetable
83,,the Kale eats Bear,vegetableEatsAnimal
84,,the Rabbit eats Artichoke,animalEatsVegetable
85,,the Artichoke eats Rabbit,vegetableEatsAnimal
86,,the Turkey eats Pumpkin,animalEatsVegetable
87,,the Pumpkin eats Turkey,vegetableEatsAnimal
88,,the Hare eats Cucumber,animalEatsVegetable
89,,the Cucumber eats Hare,vegetableEatsAnimal
90,,the Ferret eats Radish,animalEatsVegetable
91,,the Radish eats Ferret,vegetableEatsAnimal
92,,the Hare eats Artichoke,animalEatsVegetable
93,,the Artichoke eats Hare,vegetableEatsAnimal
94,,the Camel eats Celery,animalEatsVegetable
95,,the Celery eats Camel,vegetableEatsAnimal
96,,the Goose eats Cabbage,animalEatsVegetable
97,,the Cabbage eats Goose,vegetableEatsAnimal
98,,the Bison eats Turnip,animalEatsVegetable
99,,the Turnip eats Bison,vegetableEatsAnimal
100,,the Antelope eats Lettuce,animalEatsVegetable
101,,the Lettuce eats Antelope,vegetableEatsAnimal
102,,the Boar eats Carrot,animalEatsVegetable
103,,the Carrot eats Boar,vegetableEatsAnimal
104,,the Buffalo eats Mushroom,animalEatsVegetable
105,,the Mushroom eats Buffalo,vegetableEatsAnimal
106,,the Horse eats Asparagus,animalEatsVegetable
107,,the Asparagus eats Horse,vegetableEatsAnimal
108,,the Lion eats Potato,animalEatsVegetable
109,,the Potato eats Lion,vegetableEatsAnimal
110,,the Monkey eats Tomato,animalEatsVegetable
111,,the Tomato eats Monkey,vegetableEatsAnimal
112,,the Lion eats Artichoke,animalEatsVegetable
113,,the Artichoke eats Lion,vegetableEatsAnimal
114,,the Bear eats Eggplant,animalEatsVegetable
115,,the Eggplant eats Bear,vegetableEatsAnimal
116,,the Donkey eats Carrot,animalEatsVegetable
117,,the Carrot eats Donkey,vegetableEatsAnimal
118,,the Sheep eats Onion,animalEatsVegetable
119,,the Onion eats Sheep,vegetableEatsAnimal
120,,the Goat eats Cabbage,animalEatsVegetable
121,,the Cabbage eats Goat,vegetableEatsAnimal
122,,the Buffalo eats Broccoli,animalEatsVegetable
123,,the Broccoli eats Buffalo,vegetableEatsAnimal
124,,the Camel eats Pumpkin,animalEatsVegetable
125,,the Pumpkin eats Camel,vegetableEatsAnimal
126,,the Antelope eats Artichoke,animalEatsVegetable
127,,the Artichoke eats Antelope,vegetableEatsAnimal
128,,the Donkey eats Onion,animalEatsVegetable
129,,the Onion eats Donkey,vegetableEatsAnimal
130,,the Rabbit eats Basil,animalEatsVegetable
131,,the Basil eats Rabbit,vegetableEatsAnimal
132,,the Dog eats Broccoli,animalEatsVegetable
133,,the Broccoli eats Dog,vegetableEatsAnimal
134,,the Horse eats Basil,animalEatsVegetable
135,,the Basil eats Horse,vegetableEatsAnimal
136,,the Hare eats Pea,animalEatsVegetable
137,,the Pea eats Hare,vegetableEatsAnimal
138,,the Chicken eats Artichoke,animalEatsVegetable
139,,the Artichoke eats Chicken,vegetableEatsAnimal
140,,the Goose eats Artichoke,animalEatsVegetable
141,,the Artichoke eats Goose,vegetableEatsAnimal
142,,the Horse eats Artichoke,animalEatsVegetable
143,,the Artichoke eats Horse,vegetableEatsAnimal
144,,the Hamster eats Wheatgrass,animalEatsVegetable
145,,the Wheatgrass eats Hamster,vegetableEatsAnimal
146,,the Monkey eats Daikon,animalEatsVegetable
147,,the Daikon eats Monkey,vegetableEatsAnimal
148,,the Bison eats Eggplant,animalEatsVegetable
149,,the Eggplant eats Bison,vegetableEatsAnimal
150,,the Ferret eats Kale,animalEatsVegetable
151,,the Kale eats Ferret,vegetableEatsAnimal
152,,the Pig eats Onion,animalEatsVegetable
153,,the Onion eats Pig,vegetableEatsAnimal
154,,the Hare eats Spinach,animalEatsVegetable
155,,the Spinach eats Hare,vegetableEatsAnimal
156,,the Goose eats Pea,animalEatsVegetable
157,,the Pea eats Goose,vegetableEatsAnimal
158,,the Deer eats Zucchini,animalEatsVegetable
159,,the Zucchini eats Deer,vegetableEatsAnimal
160,,the Giraffe eats Kale,animalEatsVegetable
161,,the Kale eats Giraffe,vegetableEatsAnimal
162,,the Donkey eats Potato,animalEatsVegetable
163,,the Potato eats Donkey,vegetableEatsAnimal
164,,the Buffalo eats Turnip,animalEatsVegetable
165,,the Turnip eats Buffalo,vegetableEatsAnimal
166,,the Ferret eats Mushroom,animalEatsVegetable
167,,the Mushroom eats Ferret,vegetableEatsAnimal
168,,the Dog eats Mushroom,animalEatsVegetable
169,,the Mushroom eats Dog,vegetableEatsAnimal
170,,the Monkey eats Turnip,animalEatsVegetable
171,,the Turnip eats Monkey,vegetableEatsAnimal
172,,the Goat eats Basil,animalEatsVegetable
173,,the Basil eats Goat,vegetableEatsAnimal
174,,the Tiger eats Beet,animalEatsVegetable
175,,the Beet eats Tiger,vegetableEatsAnimal
176,,the Buffalo eats Beet,animalEatsVegetable
177,,the Beet eats Buffalo,vegetableEatsAnimal
178,,the Squirrel eats Zucchini,animalEatsVegetable
179,,the Zucchini eats Squirrel,vegetableEatsAnimal
180,,the Tiger eats Carrot,animalEatsVegetable
181,,the Carrot eats Tiger,vegetableEatsAnimal
182,,the Pig eats Zucchini,animalEatsVegetable
183,,the Zucchini eats Pig,vegetableEatsAnimal
184,,the Boar eats Pepper,animalEatsVegetable
185,,the Pepper eats Boar,vegetableEatsAnimal
186,,the Turkey eats Zucchini,animalEatsVegetable
187,,the Zucchini eats Turkey,vegetableEatsAnimal
188,,the Tiger eats Cucumber,animalEatsVegetable
189,,the Cucumber eats Tiger,vegetableEatsAnimal
190,,the Tiger eats Wheatgrass,animalEatsVegetable
191,,the Wheatgrass eats Tiger,vegetableEatsAnimal
192,,the Cow eats Tomato,animalEatsVegetable
193,,the Tomato eats Cow,vegetableEatsAnimal
194,,the Ferret eats Celery,animalEatsVegetable
195,,the Celery eats Ferret,vegetableEatsAnimal
196,,the Hamster eats Eggplant,animalEatsVegetable
197,,the Eggplant eats Hamster,vegetableEatsAnimal
198,,the Dog eats Radish,animalEatsVegetable
199,,the Radish eats Dog,vegetableEatsAnimal
200,,the Hare eats Pumpkin,animalEatsVegetable
201,,the Pumpkin eats Hare,vegetableEatsAnimal
202,,the Hamster eats Artichoke,animalEatsVegetable
203,,the Artichoke eats Hamster,vegetableEatsAnimal
204,,the Fox eats Celery,animalEatsVegetable
205,,the Celery eats Fox,vegetableEatsAnimal
206,,the Buffalo eats Pepper,animalEatsVegetable
207,,the Pepper eats Buffalo,vegetableEatsAnimal
208,,the Dog eats Basil,animalEatsVegetable
209,,the Basil eats Dog,vegetableEatsAnimal
210,,the Pig eats Asparagus,animalEatsVegetable
211,,the Asparagus eats Pig,vegetableEatsAnimal
212,,the Horse eats Lettuce,animalEatsVegetable
213,,the Lettuce eats Horse,vegetableEatsAnimal
214,,the Giraffe eats Onion,animalEatsVegetable
215,,the Onion eats Giraffe,vegetableEatsAnimal
216,,the Pig eats Turnip,animalEatsVegetable
217,,the Turnip eats Pig,vegetableEatsAnimal
218,,the Kangaroo eats Cauliflower,animalEatsVegetable
219,,the Cauliflower eats Kangaroo,vegetableEatsAnimal
220,,the Sheep eats Basil,animalEatsVegetable
221,,the Basil eats Sheep,vegetableEatsAnimal
222,,the Buffalo eats Daikon,animalEatsVegetable
223,,the Daikon eats Buffalo,vegetableEatsAnimal
224,,the Turkey eats Broccoli,animalEatsVegetable
225,,the Broccoli eats Turkey,vegetableEatsAnimal
226,,the Goose eats Potato,animalEatsVegetable
227,,the Potato eats Goose,vegetableEatsAnimal
228,,the Gazelle eats Mushroom,animalEatsVegetable
229,,the Mushroom eats Gazelle,vegetableEatsAnimal
230,,the Kangaroo eats Basil,animalEatsVegetable
231,,the Basil eats Kangaroo,vegetableEatsAnimal
232,,the Antelope eats Beet,animalEatsVegetable
233,,the Beet eats Antelope,vegetableEatsAnimal
234,,the Ape eats Cauliflower,animalEatsVegetable
235,,the Cauliflower eats Ape,vegetableEatsAnimal
236,,the Rabbit eats Celery,animalEatsVegetable
237,,the Celery eats Rabbit,vegetableEatsAnimal
238,,the Turkey eats Cauliflower,animalEatsVegetable
239,,the Cauliflower eats Turkey,vegetableEatsAnimal
240,,the Antelope eats Wheatgrass,animalEatsVegetable
241,,the Wheatgrass eats Antelope,vegetableEatsAnimal
242,,the Chicken eats Daikon,animalEatsVegetable
243,,the Daikon eats Chicken,vegetableEatsAnimal
244,,the Dog eats Celery,animalEatsVegetable
245,,the Celery eats Dog,vegetableEatsAnimal
246,,the Chicken eats Zucchini,animalEatsVegetable
247,,the Zucchini eats Chicken,vegetableEatsAnimal
248,,the Mule eats Radish,animalEatsVegetable
249,,the Radish eats Mule,vegetableEatsAnimal
250,,the Mule eats Cauliflower,animalEatsVegetable
251,,the Cauliflower eats Mule,vegetableEatsAnimal
252,,the Horse eats Broccoli,animalEatsVegetable
253,,the Broccoli eats Horse,vegetableEatsAnimal
254,,the Horse eats Pea,animalEatsVegetable
255,,the Pea eats Horse,vegetableEatsAnimal
256,,the Cow eats Artichoke,animalEatsVegetable
257,,the Artichoke eats Cow,vegetableEatsAnimal
258,,the Gazelle eats Pumpkin,animalEatsVegetable
259,,the Pumpkin eats Gazelle,vegetableEatsAnimal
260,,the Dog eats Beet,animalEatsVegetable
261,,the Beet eats Dog,vegetableEatsAnimal
262,,the Bear eats Onion,animalEatsVegetable
263,,the Onion eats Bear,vegetableEatsAnimal
264,,the Giraffe eats Cabbage,animalEatsVegetable
265,,the Cabbage eats Giraffe,vegetableEatsAnimal
266,,the Lion eats Mushroom,animalEatsVegetable
267,,the Mushroom eats Lion,vegetableEatsAnimal
268,,the Bear eats Cucumber,animalEatsVegetable
269,,the Cucumber eats Bear,vegetableEatsAnimal
270,,the Gazelle eats Spinach,animalEatsVegetable
271,,the Spinach eats Gazelle,vegetableEatsAnimal
272,,the Rabbit eats Cabbage,animalEatsVegetable
273,,the Cabbage eats Rabbit,vegetableEatsAnimal
274,,the Ape eats Pepper,animalEatsVegetable
275,,the Pepper eats Ape,vegetableEatsAnimal
276,,the Mule eats Pepper,animalEatsVegetable
277,,the Pepper eats Mule,vegetableEatsAnimal
278,,the Fox eats Asparagus,animalEatsVegetable
279,,the Asparagus eats Fox,vegetableEatsAnimal
280,,the Boar eats Cauliflower,animalEatsVegetable
281,,the Cauliflower eats Boar,vegetableEatsAnimal
282,,the Giraffe eats Eggplant,animalEatsVegetable
283,,the Eggplant eats Giraffe,vegetableEatsAnimal
284,,the Elk eats Celery,animalEatsVegetable
285,,the Celery eats Elk,vegetableEatsAnimal
286,,the Camel eats Cabbage,animalEatsVegetable
287,,the Cabbage eats Camel,vegetableEatsAnimal
288,,the Kangaroo eats Asparagus,animalEatsVegetable
289,,the Asparagus eats Kangaroo,vegetableEatsAnimal
290,,the Tiger eats Tomato,animalEatsVegetable
291,,the Tomato eats Tiger,vegetableEatsAnimal
292,,the Cat eats Pea,animalEatsVegetable
293,,the Pea eats Cat,vegetableEatsAnimal
294,,the Goose eats Kale,animalEatsVegetable
295,,the Kale eats Goose,vegetableEatsAnimal
296,,the Sheep eats Asparagus,animalEatsVegetable
297,,the Asparagus eats Sheep,vegetableEatsAnimal
298,,the Ape eats Broccoli,animalEatsVegetable
299,,the Broccoli eats Ape,vegetableEatsAnimal
300,,the Cat eats Spinach,animalEatsVegetable
301,,the Spinach eats Cat,vegetableEatsAnimal
302,,the Hamster eats Kale,animalEatsVegetable
303,,the Kale eats Hamster,vegetableEatsAnimal
304,,the Goat eats Mushroom,animalEatsVegetable
305,,the Mushroom eats Goat,vegetableEatsAnimal
306,,the Cat eats Tomato,animalEatsVegetable
307,,the Tomato eats Cat,vegetableEatsAnimal
308,,the Elephant eats Turnip,animalEatsVegetable
309,,the Turnip eats Elephant,vegetableEatsAnimal
310,,the Giraffe eats Daikon,animalEatsVegetable
311,,the Daikon eats Giraffe,vegetableEatsAnimal
312,,the Giraffe eats Zucchini,animalEatsVegetable
313,,the Zucchini eats Giraffe,vegetableEatsAnimal
314,,the Buffalo eats Cucumber,animalEatsVegetable
315,,the Cucumber eats Buffalo,vegetableEatsAnimal
316,,the Turkey eats Turnip,animalEatsVegetable
317,,the Turnip eats Turkey,vegetableEatsAnimal
318,,the Dog eats Turnip,animalEatsVegetable
319,,the Turnip eats Dog,vegetableEatsAnimal
320,,the Lion eats Broccoli,animalEatsVegetable
321,,the Broccoli eats Lion,vegetableEatsAnimal
322,,the Turkey eats Onion,animalEatsVegetable
323,,the Onion eats Turkey,vegetableEatsAnimal
324,,the Bison eats Wheatgrass,animalEatsVegetable
325,,the Wheatgrass eats Bison,vegetableEatsAnimal
326,,the Antelope eats Cucumber,animalEatsVegetable
327,,the Cucumber eats Antelope,vegetableEatsAnimal
328,,the Antelope eats Zucchini,animalEatsVegetable
329,,the Zucchini eats Antelope,vegetableEatsAnimal
330,,the Deer eats Beet,animalEatsVegetable
331,,the Beet eats Deer,vegetableEatsAnimal
332,,the Hamster eats Zucchini,animalEatsVegetable
333,,the Zucchini eats Hamster,vegetableEatsAnimal
334,,the Kangaroo eats Broccoli,animalEatsVegetable
335,,the Broccoli eats Kangaroo,vegetableEatsAnimal
336,,the Goat eats Radish,animalEatsVegetable
337,,the Radish eats Goat,vegetableEatsAnimal
338,,the Dog eats Eggplant,animalEatsVegetable
339,,the Eggplant eats Dog,vegetableEatsAnimal
340,,the Gazelle eats Pea,animalEatsVegetable
341,,the Pea eats Gazelle,vegetableEatsAnimal
342,,the Turkey eats Lettuce,animalEatsVegetable
343,,the Lettuce eats Turkey,vegetableEatsAnimal
344,,the Boar eats Cucumber,animalEatsVegetable
345,,the Cucumber eats Boar,vegetableEatsAnimal
346,,the Bison eats Kale,animalEatsVegetable
347,,the Kale eats Bison,vegetableEatsAnimal
348,,the Cow eats Celery,animalEatsVegetable
349,,the Celery eats Cow,vegetableEatsAnimal
350,,the Goose eats Wheatgrass,animalEatsVegetable
351,,the Wheatgrass eats Goose,vegetableEatsAnimal
352,,the Ferret eats Wheatgrass,animalEatsVegetable
353,,the Wheatgrass eats Ferret,vegetableEatsAnimal
354,,the Donkey eats Cauliflower,animalEatsVegetable
355,,the Cauliflower eats Donkey,vegetableEatsAnimal
356,,the Zebra eats Carrot,animalEatsVegetable
357,,the Carrot eats Zebra,vegetableEatsAnimal
358,,the Zebra eats Broccoli,animalEatsVegetable
359,,the Broccoli eats Zebra,vegetableEatsAnimal
360,,the Bear eats Tomato,animalEatsVegetable
361,,the Tomato eats Bear,vegetableEatsAnimal
362,,the Kangaroo eats Beet,animalEatsVegetable
363,,the Beet eats Kangaroo,vegetableEatsAnimal
364,,the Goose eats Tomato,animalEatsVegetable
365,,the Tomato eats Goose,vegetableEatsAnimal
366,,the Goose eats Pepper,animalEatsVegetable
367,,the Pepper eats Goose,vegetableEatsAnimal
368,,the Hamster eats Celery,animalEatsVegetable
369,,the Celery eats Hamster,vegetableEatsAnimal
370,,the Squirrel eats Lettuce,animalEatsVegetable
371,,the Lettuce eats Squirrel,vegetableEatsAnimal
372,,the Lion eats Pumpkin,animalEatsVegetable
373,,the Pumpkin eats Lion,vegetableEatsAnimal
374,,the Bear eats Pea,animalEatsVegetable
375,,the Pea eats Bear,vegetableEatsAnimal
376,,the Kangaroo eats Potato,animalEatsVegetable
377,,the Potato eats Kangaroo,vegetableEatsAnimal
378,,the Pig eats Beet,animalEatsVegetable
379,,the Beet eats Pig,vegetableEatsAnimal
380,,the Elk eats Lettuce,animalEatsVegetable
381,,the Lettuce eats Elk,vegetableEatsAnimal
382,,the Boar eats Celery,animalEatsVegetable
383,,the Celery eats Boar,vegetableEatsAnimal
384,,the Hare eats Carrot,animalEatsVegetable
385,,the Carrot eats Hare,vegetableEatsAnimal
386,,the Goose eats Pumpkin,animalEatsVegetable
387,,the Pumpkin eats Goose,vegetableEatsAnimal
388,,the Horse eats Eggplant,animalEatsVegetable
389,,the Eggplant eats Horse,vegetableEatsAnimal
390,,the Bison eats Onion,animalEatsVegetable
391,,the Onion eats Bison,vegetableEatsAnimal
392,,the Turkey eats Artichoke,animalEatsVegetable
393,,the Artichoke eats Turkey,vegetableEatsAnimal
394,,the Giraffe eats Asparagus,animalEatsVegetable
395,,the Asparagus eats Giraffe,vegetableEatsAnimal
396,,the Ferret eats Daikon,animalEatsVegetable
397,,the Daikon eats Ferret,vegetableEatsAnimal
398,,the Ferret eats Cabbage,animalEatsVegetable
399,,the Cabbage eats Ferret,vegetableEatsAnimal
400,,the Horse eats Zucchini,animalEatsVegetable
401,,the Zucchini eats Horse,vegetableEatsAnimal
402,,the Squirrel eats Carrot,animalEatsVegetable
403,,the Carrot eats Squirrel,vegetableEatsAnimal
404,,the Tiger eats Cabbage,animalEatsVegetable
405,,the Cabbage eats Tiger,vegetableEatsAnimal
406,,the Mule eats Beet,animalEatsVegetable
407,,the Beet eats Mule,vegetableEatsAnimal
408,,the Goat eats Cauliflower,animalEatsVegetable
409,,the Cauliflower eats Goat,vegetableEatsAnimal
410,,the Monkey eats Celery,animalEatsVegetable
411,,the Celery eats Monkey,vegetableEatsAnimal
412,,the Squirrel eats Kale,animalEatsVegetable
413,,the Kale eats Squirrel,vegetableEatsAnimal
414,,the Hamster eats Pumpkin,animalEatsVegetable
415,,the Pumpkin eats Hamster,vegetableEatsAnimal
416,,the Rabbit eats Spinach,animalEatsVegetable
417,,the Spinach eats Rabbit,vegetableEatsAnimal
418,,the Zebra eats Cauliflower,animalEatsVegetable
419,,the Cauliflower eats Zebra,vegetableEatsAnimal
420,,the Antelope eats Pepper,animalEatsVegetable
421,,the Pepper eats Antelope,vegetableEatsAnimal
422,,the Mule eats Eggplant,animalEatsVegetable
423,,the Eggplant eats Mule,vegetableEatsAnimal
424,,the Ape eats Mushroom,animalEatsVegetable
425,,the Mushroom eats Ape,vegetableEatsAnimal
426,,the Camel eats Broccoli,animalEatsVegetable
427,,the Broccoli eats Camel,vegetableEatsAnimal
428,,the Elephant eats Radish,animalEatsVegetable
429,,the Radish eats Elephant,vegetableEatsAnimal
430,,the Camel eats Cauliflower,animalEatsVegetable
431,,the Cauliflower eats Camel,vegetableEatsAnimal
432,,the Turkey eats Pepper,animalEatsVegetable
433,,the Pepper eats Turkey,vegetableEatsAnimal
434,,the Ape eats Zucchini,animalEatsVegetable
435,,the Zucchini eats Ape,vegetableEatsAnimal
436,,the Hamster eats Pea,animalEatsVegetable
437,,the Pea eats Hamster,vegetableEatsAnimal
438,,the Dog eats Artichoke,animalEatsVegetable
439,,the Artichoke eats Dog,vegetableEatsAnimal
440,,the Donkey eats Lettuce,animalEatsVegetable
441,,the Lettuce eats Donkey,vegetableEatsAnimal
442,,the Cat eats Basil,animalEatsVegetable
443,,the Basil eats Cat,vegetableEatsAnimal
444,,the Zebra eats Turnip,animalEatsVegetable
445,,the Turnip eats Zebra,vegetableEatsAnimal
446,,the Boar eats Potato,animalEatsVegetable
447,,the Potato eats Boar,vegetableEatsAnimal
448,,the Bison eats Celery,animalEatsVegetable
449,,the Celery eats Bison,vegetableEatsAnimal
450,,the Giraffe eats Cucumber,animalEatsVegetable
451,,the Cucumber eats Giraffe,vegetableEatsAnimal
452,,the Buffalo eats Eggplant,animalEatsVegetable
453,,the Eggplant eats Buffalo,vegetableEatsAnimal
454,,the Sheep eats Eggplant,animalEatsVegetable
455,,the Eggplant eats Sheep,vegetableEatsAnimal
456,,the Donkey eats Pumpkin,animalEatsVegetable
457,,the Pumpkin eats Donkey,vegetableEatsAnimal
458,,the Gazelle eats Daikon,animalEatsVegetable
459,,the Daikon eats Gazelle,vegetableEatsAnimal
460,,the Deer eats Wheatgrass,animalEatsVegetable
461,,the Wheatgrass eats Deer,vegetableEatsAnimal
462,,the Giraffe eats Celery,animalEatsVegetable
463,,the Celery eats Giraffe,vegetableEatsAnimal
464,,the Fox eats Cabbage,animalEatsVegetable
465,,the Cabbage eats Fox,vegetableEatsAnimal
466,,the Bear eats Pumpkin,animalEatsVegetable
467,,the Pumpkin eats Bear,vegetableEatsAnimal
468,,the Camel eats Cucumber,animalEatsVegetable
469,,the Cucumber eats Camel,vegetableEatsAnimal
470,,the Rabbit eats Wheatgrass,animalEatsVegetable
471,,the Wheatgrass eats Rabbit,vegetableEatsAnimal
472,,the Chicken eats Eggplant,animalEatsVegetable
473,,the Eggplant eats Chicken,vegetableEatsAnimal
474,,the Giraffe eats Wheatgrass,animalEatsVegetable
475,,the Wheatgrass eats Giraffe,vegetableEatsAnimal
476,,the Hare eats Beet,animalEatsVegetable
477,,the Beet eats Hare,vegetableEatsAnimal
478,,the Rabbit eats Cauliflower,animalEatsVegetable
479,,the Cauliflower eats Rabbit,vegetableEatsAnimal
480,,the Camel eats Turnip,animalEatsVegetable
481,,the Turnip eats Camel,vegetableEatsAnimal
482,,the Sheep eats Pumpkin,animalEatsVegetable
483,,the Pumpkin eats Sheep,vegetableEatsAnimal
484,,the Hamster eats Cabbage,animalEatsVegetable
485,,the Cabbage eats Hamster,vegetableEatsAnimal
486,,the Goat eats Broccoli,animalEatsVegetable
487,,the Broccoli eats Goat,vegetableEatsAnimal
488,,the Bear eats Potato,animalEatsVegetable
489,,the Potato eats Bear,vegetableEatsAnimal
490,,the Bear eats Asparagus,animalEatsVegetable
491,,the Asparagus eats Bear,vegetableEatsAnimal
492,,the Kangaroo eats Pumpkin,animalEatsVegetable
493,,the Pumpkin eats Kangaroo,vegetableEatsAnimal
494,,the Cow eats Pepper,animalEatsVegetable
495,,the Pepper eats Cow,vegetableEatsAnimal
496,,the Mule eats Cucumber,animalEatsVegetable
497,,the Cucumber eats Mule,vegetableEatsAnimal
498,,the Bear eats Celery,animalEatsVegetable
499,,the Celery eats Bear,vegetableEatsAnimal
500,,the Zebra eats Spinach,animalEatsVegetable
501,,the Spinach eats Zebra,vegetableEatsAnimal
502,,the Hamster eats Lettuce,animalEatsVegetable
503,,the Lettuce eats Hamster,vegetableEatsAnimal
504,,the Bear eats Pepper,animalEatsVegetable
505,,the Pepper eats Bear,vegetableEatsAnimal
506,,the Hare eats Onion,animalEatsVegetable
507,,the Onion eats Hare,vegetableEatsAnimal
508,,the Kangaroo eats Radish,animalEatsVegetable
509,,the Radish eats Kangaroo,vegetableEatsAnimal
510,,the Fox eats Artichoke,animalEatsVegetable
511,,the Artichoke eats Fox,vegetableEatsAnimal
512,,the Camel eats Kale,animalEatsVegetable
513,,the Kale eats Camel,vegetableEatsAnimal
514,,the Ferret eats Eggplant,animalEatsVegetable
515,,the Eggplant eats Ferret,vegetableEatsAnimal
516,,the Cow eats Cabbage,animalEatsVegetable
517,,the Cabbage eats Cow,vegetableEatsAnimal
518,,the Horse eats Potato,animalEatsVegetable
519,,the Potato eats Horse,vegetableEatsAnimal
520,,the Goose eats Radish,animalEatsVegetable
521,,the Radish eats Goose,vegetableEatsAnimal
522,,the Turkey eats Wheatgrass,animalEatsVegetable
523,,the Wheatgrass eats Turkey,vegetableEatsAnimal
524,,the Sheep eats Mushroom,animalEatsVegetable
525,,the Mushroom eats Sheep,vegetableEatsAnimal
526,,the Buffalo eats Cabbage,animalEatsVegetable
527,,the Cabbage eats Buffalo,vegetableEatsAnimal
528,,the Gazelle eats Cabbage,animalEatsVegetable
529,,the Cabbage eats Gazelle,vegetableEatsAnimal
530,,the Gazelle eats Artichoke,animalEatsVegetable
531,,the Artichoke eats Gazelle,vegetableEatsAnimal
532,,the Chicken eats Wheatgrass,animalEatsVegetable
533,,the Wheatgrass eats Chicken,vegetableEatsAnimal
534,,the Elk eats Eggplant,animalEatsVegetable
535,,the Eggplant eats Elk,vegetableEatsAnimal
536,,the Hamster eats Cauliflower,animalEatsVegetable
537,,the Cauliflower eats Hamster,vegetableEatsAnimal
538,,the Bison eats Radish,animalEatsVegetable
539,,the Radish eats Bison,vegetableEatsAnimal
540,,the Gazelle eats Onion,animalEatsVegetable
541,,the Onion eats Gazelle,vegetableEatsAnimal
542,,the Pig eats Pumpkin,animalEatsVegetable
543,,the Pumpkin eats Pig,vegetableEatsAnimal
544,,the Deer eats Cauliflower,animalEatsVegetable
545,,the Cauliflower eats Deer,vegetableEatsAnimal
546,,the Lion eats Basil,animalEatsVegetable
547,,the Basil eats Lion,vegetableEatsAnimal
548,,the Fox eats Mushroom,animalEatsVegetable
549,,the Mushroom eats Fox,vegetableEatsAnimal
550,,the Elephant eats Artichoke,animalEatsVegetable
551,,the Artichoke eats Elephant,vegetableEatsAnimal
552,,the Kangaroo eats Daikon,animalEatsVegetable
553,,the Daikon eats Kangaroo,vegetableEatsAnimal
554,,the Pig eats Broccoli,animalEatsVegetable
555,,the Broccoli eats Pig,vegetableEatsAnimal
556,,the Pig eats Pepper,animalEatsVegetable
557,,the Pepper eats Pig,vegetableEatsAnimal
558,,the Squirrel eats Broccoli,animalEatsVegetable
559,,the Broccoli eats Squirrel,vegetableEatsAnimal
560,,the Donkey eats Artichoke,animalEatsVegetable
561,,the Artichoke eats Donkey,vegetableEatsAnimal
562,,the Gazelle eats Pepper,animalEatsVegetable
563,,the Pepper eats Gazelle,vegetableEatsAnimal
564,,the Dog eats Pepper,animalEatsVegetable
565,,the Pepper eats Dog,vegetableEatsAnimal
566,,the Hare eats Mushroom,animalEatsVegetable
567,,the Mushroom eats Hare,vegetableEatsAnimal
568,,the Lion eats Spinach,animalEatsVegetable
569,,the Spinach eats Lion,vegetableEatsAnimal
570,,the Hare eats Eggplant,animalEatsVegetable
571,,the Eggplant eats Hare,vegetableEatsAnimal
572,,the Rabbit eats Beet,animalEatsVegetable
573,,the Beet eats Rabbit,vegetableEatsAnimal
574,,the Monkey eats Lettuce,animalEatsVegetable
575,,the Lettuce eats Monkey,vegetableEatsAnimal
576,,the Dog eats Cabbage,animalEatsVegetable
577,,the Cabbage eats Dog,vegetableEatsAnimal
578,,the Chicken eats Kale,animalEatsVegetable
579,,the Kale eats Chicken,vegetableEatsAnimal
580,,the Rabbit eats Pumpkin,animalEatsVegetable
581,,the Pumpkin eats Rabbit,vegetableEatsAnimal
582,,the Hamster eats Broccoli,animalEatsVegetable
583,,the Broccoli eats Hamster,vegetableEatsAnimal
584,,the Bison eats Carrot,animalEatsVegetable
585,,the Carrot eats Bison,vegetableEatsAnimal
586,,the Elk eats Tomato,animalEatsVegetable
587,,the Tomato eats Elk,vegetableEatsAnimal
588,,the Hamster eats Daikon,animalEatsVegetable
589,,the Daikon eats Hamster,vegetableEatsAnimal
590,,the Goat eats Celery,animalEatsVegetable
591,,the Celery eats Goat,vegetableEatsAnimal
592,,the Sheep eats Radish,animalEatsVegetable
593,,the Radish eats Sheep,vegetableEatsAnimal
594,,the Bear eats Wheatgrass,animalEatsVegetable
595,,the Wheatgrass eats Bear,vegetableEatsAnimal
596,,the Mule eats Spinach,animalEatsVegetable
597,,the Spinach eats Mule,vegetableEatsAnimal
598,,the Lion eats Daikon,animalEatsVegetable
599,,the Daikon eats Lion,vegetableEatsAnimal
600,,the Kangaroo eats Wheatgrass,animalEatsVegetable
601,,the Wheatgrass eats Kangaroo,vegetableEatsAnimal
602,,the Tiger eats Cauliflower,animalEatsVegetable
603,,the Cauliflower eats Tiger,vegetableEatsAnimal
604,,the Zebra eats Wheatgrass,animalEatsVegetable
605,,the Wheatgrass eats Zebra,vegetableEatsAnimal
606,,the Elephant eats Carrot,animalEatsVegetable
607,,the Carrot eats Elephant,vegetableEatsAnimal
608,,the Giraffe eats Broccoli,animalEatsVegetable
609,,the Broccoli eats Giraffe,vegetableEatsAnimal
610,,the Horse eats Spinach,animalEatsVegetable
611,,the Spinach eats Horse,vegetableEatsAnimal
612,,the Mule eats Artichoke,animalEatsVegetable
613,,the Artichoke eats Mule,vegetableEatsAnimal
614,,the Monkey eats Broccoli,animalEatsVegetable
615,,the Broccoli eats Monkey,vegetableEatsAnimal
616,,the Squirrel eats Eggplant,animalEatsVegetable
617,,the Eggplant eats Squirrel,vegetableEatsAnimal
618,,the Fox eats Broccoli,animalEatsVegetable
619,,the Broccoli eats Fox,vegetableEatsAnimal
620,,the Gazelle eats Kale,animalEatsVegetable
621,,the Kale eats Gazelle,vegetableEatsAnimal
622,,the Turkey eats Tomato,animalEatsVegetable
623,,the Tomato eats Turkey,vegetableEatsAnimal
624,,the Deer eats Cabbage,animalEatsVegetable
625,,the Cabbage eats Deer,vegetableEatsAnimal
626,,the Rabbit eats Mushroom,animalEatsVegetable
627,,the Mushroom eats Rabbit,vegetableEatsAnimal
628,,the Ape eats Wheatgrass,animalEatsVegetable
629,,the Wheatgrass eats Ape,vegetableEatsAnimal
630,,the Hare eats Celery,animalEatsVegetable
631,,the Celery eats Hare,vegetableEatsAnimal
632,,the Camel eats Eggplant,animalEatsVegetable
633,,the Eggplant eats Camel,vegetableEatsAnimal
634,,the Bison eats Lettuce,animalEatsVegetable
635,,the Lettuce eats Bison,vegetableEatsAnimal
636,,the Ape eats Cucumber,animalEatsVegetable
637,,the Cucumber eats Ape,vegetableEatsAnimal
638,,the Squirrel eats Mushroom,animalEatsVegetable
639,,the Mushroom eats Squirrel,vegetableEatsAnimal
640,,the Antelope eats Basil,animalEatsVegetable
641,,the Basil eats Antelope,vegetableEatsAnimal
642,,the Bear eats Artichoke,animalEatsVegetable
643,,the Artichoke eats Bear,vegetableEatsAnimal
644,,the Cat eats Onion,animalEatsVegetable
645,,the Onion eats Cat,vegetableEatsAnimal
646,,the Cow eats Cucumber,animalEatsVegetable
647,,the Cucumber eats Cow,vegetableEatsAnimal
648,,the Elephant eats Beet,animalEatsVegetable
649,,the Beet eats Elephant,vegetableEatsAnimal
650,,the Mule eats Pumpkin,animalEatsVegetable
651,,the Pumpkin eats Mule,vegetableEatsAnimal
652,,the Ape eats Pumpkin,animalEatsVegetable
653,,the Pumpkin eats Ape,vegetableEatsAnimal
654,,the Donkey eats Zucchini,animalEatsVegetable
655,,the Zucchini eats Donkey,vegetableEatsAnimal
656,,the Ferret eats Tomato,animalEatsVegetable
657,,the Tomato eats Ferret,vegetableEatsAnimal
658,,the Rabbit eats Carrot,animalEatsVegetable
659,,the Carrot eats Rabbit,vegetableEatsAnimal
660,,the Elk eats Carrot,animalEatsVegetable
661,,the Carrot eats Elk,vegetableEatsAnimal
662,,the Tiger eats Pumpkin,animalEatsVegetable
663,,the Pumpkin eats Tiger,vegetableEatsAnimal
664,,the Gazelle eats Potato,animalEatsVegetable
665,,the Potato eats Gazelle,vegetableEatsAnimal
666,,the Elk eats Potato,animalEatsVegetable
667,,the Potato eats Elk,vegetableEatsAnimal
668,,the Chicken eats Potato,animalEatsVegetable
669,,the Potato eats Chicken,vegetableEatsAnimal
670,,the Ape eats Artichoke,animalEatsVegetable
671,,the Artichoke eats Ape,vegetableEatsAnimal
672,,the Deer eats Artichoke,animalEatsVegetable
673,,the Artichoke eats Deer,vegetableEatsAnimal
674,,the Fox eats Kale,animalEatsVegetable
675,,the Kale eats Fox,vegetableEatsAnimal
676,,the Horse eats Turnip,animalEatsVegetable
677,,the Turnip eats Horse,vegetableEatsAnimal
678,,the Boar eats Eggplant,animalEatsVegetable
679,,the Eggplant eats Boar,vegetableEatsAnimal
680,,the Lion eats Carrot,animalEatsVegetable
681,,the Carrot eats Lion,vegetableEatsAnimal
682,,the Tiger eats Eggplant,animalEatsVegetable
683,,the Eggplant eats Tiger,vegetableEatsAnimal
684,,the Pig eats Eggplant,animalEatsVegetable
685,,the Eggplant eats Pig,vegetableEatsAnimal
686,,the Horse eats Cabbage,animalEatsVegetable
687,,the Cabbage eats Horse,vegetableEatsAnimal
688,,the Ape eats Daikon,animalEatsVegetable
689,,the Daikon eats Ape,vegetableEatsAnimal
690,,the Cow eats Eggplant,animalEatsVegetable
691,,the Eggplant eats Cow,vegetableEatsAnimal
692,,the Donkey eats Tomato,animalEatsVegetable
693,,the Tomato eats Donkey,vegetableEatsAnimal
694,,the Donkey eats Mushroom,animalEatsVegetable
695,,the Mushroom eats Donkey,vegetableEatsAnimal
696,,the Elephant eats Cucumber,animalEatsVegetable
697,,the Cucumber eats Elephant,vegetableEatsAnimal
698,,the Cat eats Asparagus,animalEatsVegetable
699,,the Asparagus eats Cat,vegetableEatsAnimal
700,,the Squirrel eats Artichoke,animalEatsVegetable
701,,the Artichoke eats Squirrel,vegetableEatsAnimal
702,,the Goat eats Wheatgrass,animalEatsVegetable
703,,the Wheatgrass eats Goat,vegetableEatsAnimal
704,,the Rabbit eats Zucchini,animalEatsVegetable
705,,the Zucchini eats Rabbit,vegetableEatsAnimal
706,,the Lion eats Cabbage,animalEatsVegetable
707,,the Cabbage eats Lion,vegetableEatsAnimal
708,,the Kangaroo eats Turnip,animalEatsVegetable
709,,the Turnip eats Kangaroo,vegetableEatsAnimal
710,,the Lion eats Radish,animalEatsVegetable
711,,the Radish eats Lion,vegetableEatsAnimal
712,,the Antelope eats Potato,animalEatsVegetable
713,,the Potato eats Antelope,vegetableEatsAnimal
714,,the Rabbit eats Pea,animalEatsVegetable
715,,the Pea eats Rabbit,vegetableEatsAnimal
716,,the Boar eats Beet,animalEatsVegetable
717,,the Beet eats Boar,vegetableEatsAnimal
718,,the Tiger eats Asparagus,animalEatsVegetable
719,,the Asparagus eats Tiger,vegetableEatsAnimal
720,,the Monkey eats Pepper,animalEatsVegetable
721,,the Pepper eats Monkey,vegetableEatsAnimal
722,,the Kangaroo eats Zucchini,animalEatsVegetable
723,,the Zucchini eats Kangaroo,vegetableEatsAnimal
724,,the Horse eats Wheatgrass,animalEatsVegetable
725,,the Wheatgrass eats Horse,vegetableEatsAnimal
726,,the Cow eats Daikon,animalEatsVegetable
727,,the Daikon eats Cow,vegetableEatsAnimal
728,,the Deer eats Celery,animalEatsVegetable
729,,the Celery eats Deer,vegetableEatsAnimal
730,,the Lion eats Cauliflower,animalEatsVegetable
731,,the Cauliflower eats Lion,vegetableEatsAnimal
732,,the Goat eats Eggplant,animalEatsVegetable
733,,the Eggplant eats Goat,vegetableEatsAnimal
734,,the Rabbit eats Radish,animalEatsVegetable
735,,the Radish eats Rabbit,vegetableEatsAnimal
736,,the Mule eats Kale,animalEatsVegetable
737,,the Kale eats Mule,vegetableEatsAnimal
738,,the Ape eats Radish,animalEatsVegetable
739,,the Radish eats Ape,vegetableEatsAnimal
740,,the Ferret eats Pea,animalEatsVegetable
741,,the Pea eats Ferret,vegetableEatsAnimal
742,,the Deer eats Eggplant,animalEatsVegetable
743,,the Eggplant eats Deer,vegetableEatsAnimal
744,,the Dog eats Daikon,animalEatsVegetable
745,,the Daikon eats Dog,vegetableEatsAnimal
746,,the Gazelle eats Basil,animalEatsVegetable
747,,the Basil eats Gazelle,vegetableEatsAnimal
748,,the Tiger eats Kale,animalEatsVegetable
749,,the Kale eats Tiger,vegetableEatsAnimal
750,,the Turkey eats Cucumber,animalEatsVegetable
751,,the Cucumber eats Turkey,vegetableEatsAnimal
752,,the Bison eats Cucumber,animalEatsVegetable
753,,the Cucumber eats Bison,vegetableEatsAnimal
754,,the Lion eats Cucumber,animalEatsVegetable
755,,the Cucumber eats Lion,vegetableEatsAnimal
756,,the Monkey eats Eggplant,animalEatsVegetable
757,,the Eggplant eats Monkey,vegetableEatsAnimal
758,,the Chicken eats Basil,animalEatsVegetable
759,,the Basil eats Chicken,vegetableEatsAnimal
760,,the Bison eats Potato,animalEatsVegetable
761,,the Potato eats Bison,vegetableEatsAnimal
762,,the Monkey eats Artichoke,animalEatsVegetable
763,,the Artichoke eats Monkey,vegetableEatsAnimal
764,,the Cow eats Carrot,animalEatsVegetable
765,,the Carrot eats Cow,vegetableEatsAnimal
766,,the Fox eats Pumpkin,animalEatsVegetable
767,,the Pumpkin eats Fox,vegetableEatsAnimal
768,,the Bison eats Pumpkin,animalEatsVegetable
769,,the Pumpkin eats Bison,vegetableEatsAnimal
770,,the Mule eats Carrot,animalEatsVegetable
771,,the Carrot eats Mule,vegetableEatsAnimal
772,,the Elk eats Pumpkin,animalEatsVegetable
773,,the Pumpkin eats Elk,vegetableEatsAnimal
774,,the Hare eats Daikon,animalEatsVegetable
775,,the Daikon eats Hare,vegetableEatsAnimal
776,,the Boar eats Cabbage,animalEatsVegetable
777,,the Cabbage eats Boar,vegetableEatsAnimal
778,,the Goat eats Asparagus,animalEatsVegetable
779,,the Asparagus eats Goat,vegetableEatsAnimal
780,,the Camel eats Asparagus,animalEatsVegetable
781,,the Asparagus eats Camel,vegetableEatsAnimal
782,,the Goat eats Pea,animalEatsVegetable
783,,the Pea eats Goat,vegetableEatsAnimal
784,,the Buffalo eats Pumpkin,animalEatsVegetable
785,,the Pumpkin eats Buffalo,vegetableEatsAnimal
786,,the Ferret eats Spinach,animalEatsVegetable
787,,the Spinach eats Ferret,vegetableEatsAnimal
788,,the Bison eats Spinach,animalEatsVegetable
789,,the Spinach eats Bison,vegetableEatsAnimal
790,,the Pig eats Lettuce,animalEatsVegetable
791,,the Lettuce eats Pig,vegetableEatsAnimal
792,,the Rabbit eats Onion,animalEatsVegetable
793,,the Onion eats Rabbit,vegetableEatsAnimal
794,,the Boar eats Pea,animalEatsVegetable
795,,the Pea eats Boar,vegetableEatsAnimal
796,,the Bear eats Carrot,animalEatsVegetable
797,,the Carrot eats Bear,vegetableEatsAnimal
798,,the Donkey eats Basil,animalEatsVegetable
799,,the Basil eats Donkey,vegetableEatsAnimal
800,,the Monkey eats Cabbage,animalEatsVegetable
801,,the Cabbage eats Monkey,vegetableEatsAnimal
802,,the Hamster eats Mushroom,animalEatsVegetable
803,,the Mushroom eats Hamster,vegetableEatsAnimal
804,,the Gazelle eats Zucchini,animalEatsVegetable
805,,the Zucchini eats Gazelle,vegetableEatsAnimal
806,,the Ape eats Lettuce,animalEatsVegetable
807,,the Lettuce eats Ape,vegetableEatsAnimal
808,,the Buffalo eats Artichoke,animalEatsVegetable
809,,the Artichoke eats Buffalo,vegetableEatsAnimal
810,,the Elephant eats Kale,animalEatsVegetable
811,,the Kale eats Elephant,vegetableEatsAnimal
812,,the Fox eats Spinach,animalEatsVegetable
813,,the Spinach eats Fox,vegetableEatsAnimal
814,,the Donkey eats Broccoli,animalEatsVegetable
815,,the Broccoli eats Donkey,vegetableEatsAnimal
816,,the Sheep eats Pepper,animalEatsVegetable
817,,the Pepper eats Sheep,vegetableEatsAnimal
818,,the Turkey eats Eggplant,animalEatsVegetable
819,,the Eggplant eats Turkey,vegetableEatsAnimal
820,,the Fox eats Radish,animalEatsVegetable
821,,the Radish eats Fox,vegetableEatsAnimal
822,,the Giraffe eats Pea,animalEatsVegetable
823,,the Pea eats Giraffe,vegetableEatsAnimal
824,,the Hare eats Radish,animalEatsVegetable
825,,the Radish eats Hare,vegetableEatsAnimal
826,,the Camel eats Daikon,animalEatsVegetable
827,,the Daikon eats Camel,vegetableEatsAnimal
828,,the Gazelle eats Radish,animalEatsVegetable
829,,the Radish eats Gazelle,vegetableEatsAnimal
830,,the Deer eats Turnip,animalEatsVegetable
831,,the Turnip eats Deer,vegetableEatsAnimal
832,,the Monkey eats Pea,animalEatsVegetable
833,,the Pea eats Monkey,vegetableEatsAnimal
834,,the Pig eats Kale,animalEatsVegetable
835,,the Kale eats Pig,vegetableEatsAnimal
836,,the Sheep eats Spinach,animalEatsVegetable
837,,the Spinach eats Sheep,vegetableEatsAnimal
838,,the Tiger eats Lettuce,animalEatsVegetable
839,,the Lettuce eats Tiger,vegetableEatsAnimal
840,,the Hamster eats Radish,animalEatsVegetable
841,,the Radish eats Hamster,vegetableEatsAnimal
842,,the Camel eats Artichoke,animalEatsVegetable
843,,the Artichoke eats Camel,vegetableEatsAnimal
844,,the Bison eats Beet,animalEatsVegetable
845,,the Beet eats Bison,vegetableEatsAnimal
846,,the Monkey eats Mushroom,animalEatsVegetable
847,,the Mushroom eats Monkey,vegetableEatsAnimal
848,,the Giraffe eats Carrot,animalEatsVegetable
849,,the Carrot eats Giraffe,vegetableEatsAnimal
850,,the Elephant eats Mushroom,animalEatsVegetable
851,,the Mushroom eats Elephant,vegetableEatsAnimal
852,,the Sheep eats Tomato,animalEatsVegetable
853,,the Tomato eats Sheep,vegetableEatsAnimal
854,,the Cat eats Cucumber,animalEatsVegetable
855,,the Cucumber eats Cat,vegetableEatsAnimal
856,,the Kangaroo eats Pea,animalEatsVegetable
857,,the Pea eats Kangaroo,vegetableEatsAnimal
858,,the Chicken eats Broccoli,animalEatsVegetable
859,,the Broccoli eats Chicken,vegetableEatsAnimal
860,,the Camel eats Pea,animalEatsVegetable
861,,the Pea eats Camel,vegetableEatsAnimal
862,,the Donkey eats Asparagus,animalEatsVegetable
863,,the Asparagus eats Donkey,vegetableEatsAnimal
864,,the Goose eats Lettuce,animalEatsVegetable
865,,the Lettuce eats Goose,vegetableEatsAnimal
866,,the Rabbit eats Pepper,animalEatsVegetable
867,,the Pepper eats Rabbit,vegetableEatsAnimal
868,,the Turkey eats Carrot,animalEatsVegetable
869,,the Carrot eats Turkey,vegetableEatsAnimal
870,,the Horse eats Pepper,animalEatsVegetable
871,,the Pepper eats Horse,vegetableEatsAnimal
872,,the Elephant eats Lettuce,animalEatsVegetable
873,,the Lettuce eats Elephant,vegetableEatsAnimal
874,,the Donkey eats Pepper,animalEatsVegetable
875,,the Pepper eats Donkey,vegetableEatsAnimal
876,,the Pig eats Spinach,animalEatsVegetable
877,,the Spinach eats Pig,vegetableEatsAnimal
878,,the Bear eats Mushroom,animalEatsVegetable
879,,the Mushroom eats Bear,vegetableEatsAnimal
880,,the Turkey eats Radish,animalEatsVegetable
881,,the Radish eats Turkey,vegetableEatsAnimal
882,,the Boar eats Artichoke,animalEatsVegetable
883,,the Artichoke eats Boar,vegetableEatsAnimal
884,,the Deer eats Onion,animalEatsVegetable
885,,the Onion eats Deer,vegetableEatsAnimal
886,,the Camel eats Spinach,animalEatsVegetable
887,,the Spinach eats Camel,vegetableEatsAnimal
888,,the Cat eats Turnip,animalEatsVegetable
889,,the Turnip eats Cat,vegetableEatsAnimal
890,,the Goat eats Tomato,animalEatsVegetable
891,,the Tomato eats Goat,vegetableEatsAnimal
892,,the Goose eats Turnip,animalEatsVegetable
893,,the Turnip eats Goose,vegetableEatsAnimal
894,,the Bison eats Basil,animalEatsVegetable
895,,the Basil eats Bison,vegetableEatsAnimal
896,,the Ferret eats Broccoli,animalEatsVegetable
897,,the Broccoli eats Ferret,vegetableEatsAnimal
898,,the Rabbit eats Broccoli,animalEatsVegetable
899,,the Broccoli eats Rabbit,vegetableEatsAnimal
