jobID,  modelID,  status,  completionReason,  startTime,  endTime,  runtime(s),  expDesc,  numRecords,  modelParams|sensorParams|encoders|timestamp_weekend:radius,  modelParams|sensorParams|encoders|timestamp_timeOfDay:radius,  modelParams|clParams|alpha,  modelParams|tpParams|minThreshold,  modelParams|tpParams|activationThreshold,  modelParams|tpParams|pamLength,  modelParams|sensorParams|encoders|timestamp_dayOfWeek:radius,  modelParams|sensorParams|encoders|kw_energy_consumption:n,  modelParams|sensorParams|encoders|_classifierInput|n,  modelParams|spParams|synPermInactiveDec,  multiStepBestPredictions:multiStep:errorMetric='aae':steps=[1]:window=2000:field=kw_energy_consumption,  multiStepBestPredictions:multiStep:errorMetric='rmse':steps=[1]:window=2000:field=kw_energy_consumption, 
1222,  38782,  completed,  eof,  2015-08-10 18:46:54,  2015-08-10 18:47:09,  15,  modelParams|clParams|alpha_0.05005.modelParams|tpParams|minThreshold_11.modelParams|tpParams|activationThreshold_14.modelParams|tpParams|pamLength_3.modelParams|sensorParams|encoders|kw_energy_consumption:n_272.modelParams|sensorParams|encoders|_classifierInput|n_275.modelParams|spParams|synPermInactiveDec_0.05015,  2000,  None,  None,  0.05005,  11,  14,  3,  None,  272,  275,  0.05015,  7.67128863431,  11.6368905345, 
1222,  38793,  completed,  eof,  2015-08-10 18:46:54,  2015-08-10 18:47:05,  11,  modelParams|clParams|alpha_0.05005.modelParams|tpParams|minThreshold_11.modelParams|tpParams|activationThreshold_14.modelParams|tpParams|pamLength_3.modelParams|sensorParams|encoders|timestamp_dayOfWeek:radius_3.5.modelParams|sensorParams|encoders|_classifierInput|n_275.modelParams|spParams|synPermInactiveDec_0.05015,  2000,  None,  None,  0.05005,  11,  14,  3,  3.5,  None,  275,  0.05015,  11.4128110189,  17.58296027, 
1222,  38794,  completed,  eof,  2015-08-10 18:47:05,  2015-08-10 18:47:15,  10,  modelParams|sensorParams|encoders|timestamp_timeOfDay:radius_6.25.modelParams|clParams|alpha_0.05005.modelParams|tpParams|minThreshold_11.modelParams|tpParams|activationThreshold_14.modelParams|tpParams|pamLength_3.modelParams|sensorParams|encoders|_classifierInput|n_275.modelParams|spParams|synPermInactiveDec_0.05015,  2000,  None,  6.25,  0.05005,  11,  14,  3,  None,  None,  275,  0.05015,  5.89318586446,  10.4636481505, 
1222,  38795,  completed,  eof,  2015-08-10 18:47:09,  2015-08-10 18:47:20,  11,  modelParams|sensorParams|encoders|timestamp_weekend:radius_1.modelParams|clParams|alpha_0.05005.modelParams|tpParams|minThreshold_11.modelParams|tpParams|activationThreshold_14.modelParams|tpParams|pamLength_3.modelParams|sensorParams|encoders|_classifierInput|n_275.modelParams|spParams|synPermInactiveDec_0.05015,  2000,  1,  None,  0.05005,  11,  14,  3,  None,  None,  275,  0.05015,  16.2557284568,  21.9007018558, 
1222,  38796,  completed,  eof,  2015-08-10 18:47:15,  2015-08-10 18:47:25,  10,  modelParams|clParams|alpha_0.0001.modelParams|tpParams|minThreshold_9.modelParams|tpParams|activationThreshold_12.modelParams|tpParams|pamLength_1.modelParams|sensorParams|encoders|kw_energy_consumption:n_22.modelParams|sensorParams|encoders|_classifierInput|n_28.modelParams|spParams|synPermInactiveDec_0.1,  2000,  None,  None,  0.0001,  9,  12,  1,  None,  22,  28,  0.1,  7.7219049518,  12.5600769755, 
1222,  38797,  completed,  eof,  2015-08-10 18:47:20,  2015-08-10 18:47:30,  10,  modelParams|clParams|alpha_0.0001.modelParams|tpParams|minThreshold_9.modelParams|tpParams|activationThreshold_12.modelParams|tpParams|pamLength_1.modelParams|sensorParams|encoders|timestamp_dayOfWeek:radius_1.0.modelParams|sensorParams|encoders|_classifierInput|n_28.modelParams|spParams|synPermInactiveDec_0.1,  2000,  None,  None,  0.0001,  9,  12,  1,  1.0,  None,  28,  0.1,  13.8240957521,  19.9236291753, 
1222,  38798,  completed,  eof,  2015-08-10 18:47:25,  2015-08-10 18:47:39,  14,  modelParams|sensorParams|encoders|timestamp_timeOfDay:radius_0.5.modelParams|clParams|alpha_0.0001.modelParams|tpParams|minThreshold_9.modelParams|tpParams|activationThreshold_12.modelParams|tpParams|pamLength_1.modelParams|sensorParams|encoders|_classifierInput|n_28.modelParams|spParams|synPermInactiveDec_0.1,  2000,  None,  0.5,  0.0001,  9,  12,  1,  None,  None,  28,  0.1,  5.96024327154,  10.9288013726, 
1222,  38799,  completed,  eof,  2015-08-10 18:47:31,  2015-08-10 18:47:40,  9,  modelParams|sensorParams|encoders|timestamp_weekend:radius_1.modelParams|clParams|alpha_0.0001.modelParams|tpParams|minThreshold_9.modelParams|tpParams|activationThreshold_12.modelParams|tpParams|pamLength_1.modelParams|sensorParams|encoders|_classifierInput|n_28.modelParams|spParams|synPermInactiveDec_0.1,  2000,  1,  None,  0.0001,  9,  12,  1,  None,  None,  28,  0.1,  13.8897579552,  19.7437219846, 
1222,  38800,  completed,  eof,  2015-08-10 18:47:39,  2015-08-10 18:48:00,  21,  modelParams|clParams|alpha_0.1.modelParams|tpParams|minThreshold_12.modelParams|tpParams|activationThreshold_16.modelParams|tpParams|pamLength_5.modelParams|sensorParams|encoders|kw_energy_consumption:n_521.modelParams|sensorParams|encoders|_classifierInput|n_521.modelParams|spParams|synPermInactiveDec_0.0003,  2000,  None,  None,  0.1,  12,  16,  5,  None,  521,  521,  0.0003,  7.92238716733,  11.8878422631, 
1222,  38801,  completed,  eof,  2015-08-10 18:47:40,  2015-08-10 18:47:57,  17,  modelParams|clParams|alpha_0.1.modelParams|tpParams|minThreshold_12.modelParams|tpParams|activationThreshold_16.modelParams|tpParams|pamLength_5.modelParams|sensorParams|encoders|timestamp_dayOfWeek:radius_6.0.modelParams|sensorParams|encoders|_classifierInput|n_521.modelParams|spParams|synPermInactiveDec_0.0003,  2000,  None,  None,  0.1,  12,  16,  5,  6.0,  None,  521,  0.0003,  16.1565173046,  21.6314770843, 
1222,  38802,  completed,  eof,  2015-08-10 18:47:57,  2015-08-10 18:48:10,  13,  modelParams|sensorParams|encoders|timestamp_timeOfDay:radius_12.0.modelParams|clParams|alpha_0.1.modelParams|tpParams|minThreshold_12.modelParams|tpParams|activationThreshold_16.modelParams|tpParams|pamLength_5.modelParams|sensorParams|encoders|_classifierInput|n_521.modelParams|spParams|synPermInactiveDec_0.0003,  2000,  None,  12.0,  0.1,  12,  16,  5,  None,  None,  521,  0.0003,  6.90690492451,  11.8751342071, 
1222,  38803,  completed,  eof,  2015-08-10 18:48:00,  2015-08-10 18:48:12,  12,  modelParams|sensorParams|encoders|timestamp_weekend:radius_1.modelParams|clParams|alpha_0.1.modelParams|tpParams|minThreshold_12.modelParams|tpParams|activationThreshold_16.modelParams|tpParams|pamLength_5.modelParams|sensorParams|encoders|_classifierInput|n_521.modelParams|spParams|synPermInactiveDec_0.0003,  2000,  1,  None,  0.1,  12,  16,  5,  None,  None,  521,  0.0003,  14.3264661148,  19.8914222576, 
1222,  38804,  completed,  eof,  2015-08-10 18:48:10,  2015-08-10 18:48:23,  13,  modelParams|clParams|alpha_0.025075.modelParams|tpParams|minThreshold_10.modelParams|tpParams|activationThreshold_13.modelParams|tpParams|pamLength_2.modelParams|sensorParams|encoders|kw_energy_consumption:n_147.modelParams|sensorParams|encoders|_classifierInput|n_151.modelParams|spParams|synPermInactiveDec_0.075075,  2000,  None,  None,  0.025075,  10,  13,  2,  None,  147,  151,  0.075075,  7.07128674014,  11.0226807116, 
1222,  38805,  completed,  eof,  2015-08-10 18:48:13,  2015-08-10 18:48:23,  10,  modelParams|clParams|alpha_0.025075.modelParams|tpParams|minThreshold_10.modelParams|tpParams|activationThreshold_13.modelParams|tpParams|pamLength_2.modelParams|sensorParams|encoders|timestamp_dayOfWeek:radius_4.75.modelParams|sensorParams|encoders|_classifierInput|n_151.modelParams|spParams|synPermInactiveDec_0.075075,  2000,  None,  None,  0.025075,  10,  13,  2,  4.75,  None,  151,  0.075075,  12.9669897184,  19.1745686457, 
1222,  38806,  completed,  eof,  2015-08-10 18:48:23,  2015-08-10 18:48:33,  10,  modelParams|sensorParams|encoders|timestamp_timeOfDay:radius_9.125.modelParams|clParams|alpha_0.025075.modelParams|tpParams|minThreshold_10.modelParams|tpParams|activationThreshold_13.modelParams|tpParams|pamLength_2.modelParams|sensorParams|encoders|_classifierInput|n_151.modelParams|spParams|synPermInactiveDec_0.075075,  2000,  None,  9.125,  0.025075,  10,  13,  2,  None,  None,  151,  0.075075,  6.91836826235,  11.9929360194, 
1222,  38807,  completed,  eof,  2015-08-10 18:48:23,  2015-08-10 18:48:33,  10,  modelParams|sensorParams|encoders|timestamp_weekend:radius_1.modelParams|clParams|alpha_0.025075.modelParams|tpParams|minThreshold_10.modelParams|tpParams|activationThreshold_13.modelParams|tpParams|pamLength_2.modelParams|sensorParams|encoders|_classifierInput|n_151.modelParams|spParams|synPermInactiveDec_0.075075,  2000,  1,  None,  0.025075,  10,  13,  2,  None,  None,  151,  0.075075,  17.0446928145,  22.7264457133, 
1222,  38808,  completed,  eof,  2015-08-10 18:48:33,  2015-08-10 18:48:49,  16,  modelParams|clParams|alpha_0.075025.modelParams|tpParams|minThreshold_11.modelParams|tpParams|activationThreshold_15.modelParams|tpParams|pamLength_4.modelParams|sensorParams|encoders|kw_energy_consumption:n_396.modelParams|sensorParams|encoders|_classifierInput|n_398.modelParams|spParams|synPermInactiveDec_0.025225,  2000,  None,  None,  0.075025,  11,  15,  4,  None,  396,  398,  0.025225,  7.63927375379,  11.5732856113, 
1222,  38809,  completed,  eof,  2015-08-10 18:48:33,  2015-08-10 18:48:44,  11,  modelParams|clParams|alpha_0.075025.modelParams|tpParams|minThreshold_11.modelParams|tpParams|activationThreshold_15.modelParams|tpParams|pamLength_4.modelParams|sensorParams|encoders|timestamp_dayOfWeek:radius_2.25.modelParams|sensorParams|encoders|_classifierInput|n_398.modelParams|spParams|synPermInactiveDec_0.025225,  2000,  None,  None,  0.075025,  11,  15,  4,  2.25,  None,  398,  0.025225,  10.6380119574,  16.3137259032, 
1222,  38810,  completed,  eof,  2015-08-10 18:48:44,  2015-08-10 18:48:54,  10,  modelParams|sensorParams|encoders|timestamp_timeOfDay:radius_3.375.modelParams|clParams|alpha_0.075025.modelParams|tpParams|minThreshold_11.modelParams|tpParams|activationThreshold_15.modelParams|tpParams|pamLength_4.modelParams|sensorParams|encoders|_classifierInput|n_398.modelParams|spParams|synPermInactiveDec_0.025225,  2000,  None,  3.375,  0.075025,  11,  15,  4,  None,  None,  398,  0.025225,  5.71363016006,  10.2278277453, 
1222,  38811,  completed,  eof,  2015-08-10 18:48:49,  2015-08-10 18:49:00,  11,  modelParams|sensorParams|encoders|timestamp_weekend:radius_1.modelParams|clParams|alpha_0.075025.modelParams|tpParams|minThreshold_11.modelParams|tpParams|activationThreshold_15.modelParams|tpParams|pamLength_4.modelParams|sensorParams|encoders|_classifierInput|n_398.modelParams|spParams|synPermInactiveDec_0.025225,  2000,  1,  None,  0.075025,  11,  15,  4,  None,  None,  398,  0.025225,  15.3311341153,  20.9272941, 
1222,  38812,  completed,  eof,  2015-08-10 18:48:54,  2015-08-10 18:49:07,  13,  modelParams|clParams|alpha_0.0348151425553.modelParams|tpParams|minThreshold_10.modelParams|tpParams|activationThreshold_13.modelParams|tpParams|pamLength_2.modelParams|sensorParams|encoders|kw_energy_consumption:n_195.modelParams|sensorParams|encoders|_classifierInput|n_175.modelParams|spParams|synPermInactiveDec_0.0770574113773,  2000,  None,  None,  0.0348151425553,  10,  13,  2,  None,  195,  175,  0.0770574113773,  7.46645377492,  11.4569958265, 
1222,  38813,  completed,  eof,  2015-08-10 18:49:00,  2015-08-10 18:49:11,  11,  modelParams|clParams|alpha_0.0752748574447.modelParams|tpParams|minThreshold_11.modelParams|tpParams|activationThreshold_15.modelParams|tpParams|pamLength_4.modelParams|sensorParams|encoders|timestamp_dayOfWeek:radius_2.73510139028.modelParams|sensorParams|encoders|_classifierInput|n_422.modelParams|spParams|synPermInactiveDec_0.0332125886227,  2000,  None,  None,  0.0752748574447,  11,  15,  4,  2.73510139028,  None,  422,  0.0332125886227,  10.7812247268,  16.5966471801, 
1222,  38814,  completed,  eof,  2015-08-10 18:49:07,  2015-08-10 18:49:17,  10,  modelParams|sensorParams|encoders|timestamp_timeOfDay:radius_4.49623763149.modelParams|clParams|alpha_0.0772548752741.modelParams|tpParams|minThreshold_11.modelParams|tpParams|activationThreshold_15.modelParams|tpParams|pamLength_4.modelParams|sensorParams|encoders|_classifierInput|n_422.modelParams|spParams|synPermInactiveDec_0.0332125886227,  2000,  None,  4.49623763149,  0.0772548752741,  11,  15,  4,  None,  None,  422,  0.0332125886227,  5.97137661212,  10.647592052, 
1222,  38815,  completed,  eof,  2015-08-10 18:49:11,  2015-08-10 18:49:21,  10,  modelParams|sensorParams|encoders|timestamp_weekend:radius_1.modelParams|clParams|alpha_0.00958991421899.modelParams|tpParams|minThreshold_9.modelParams|tpParams|activationThreshold_12.modelParams|tpParams|pamLength_1.modelParams|sensorParams|encoders|_classifierInput|n_80.modelParams|spParams|synPermInactiveDec_0.0955441272355,  2000,  1,  None,  0.00958991421899,  9,  12,  1,  None,  None,  80,  0.0955441272355,  17.3639611736,  22.9800724532, 
1222,  38816,  completed,  eof,  2015-08-10 18:49:17,  2015-08-10 18:49:30,  13,  modelParams|clParams|alpha_0.0153348574447.modelParams|tpParams|minThreshold_10.modelParams|tpParams|activationThreshold_13.modelParams|tpParams|pamLength_2.modelParams|sensorParams|encoders|kw_energy_consumption:n_99.modelParams|sensorParams|encoders|_classifierInput|n_176.modelParams|spParams|synPermInactiveDec_0.0730925886227,  2000,  None,  None,  0.0153348574447,  10,  13,  2,  None,  99,  176,  0.0730925886227,  6.89516402487,  10.9860592258, 
1222,  38817,  completed,  eof,  2015-08-10 18:49:21,  2015-08-10 18:49:32,  11,  modelParams|clParams|alpha_0.055794572334.modelParams|tpParams|minThreshold_11.modelParams|tpParams|activationThreshold_15.modelParams|tpParams|pamLength_3.modelParams|sensorParams|encoders|timestamp_dayOfWeek:radius_1.76489860972.modelParams|sensorParams|encoders|_classifierInput|n_423.modelParams|spParams|synPermInactiveDec_0.029247765868,  2000,  None,  None,  0.055794572334,  11,  15,  3,  1.76489860972,  None,  423,  0.029247765868,  11.3039593988,  17.1572532494, 
1222,  38818,  completed,  eof,  2015-08-10 18:49:30,  2015-08-10 18:49:40,  10,  modelParams|sensorParams|encoders|timestamp_timeOfDay:radius_2.25376236851.modelParams|clParams|alpha_0.0617346258223.modelParams|tpParams|minThreshold_11.modelParams|tpParams|activationThreshold_14.modelParams|tpParams|pamLength_3.modelParams|sensorParams|encoders|_classifierInput|n_374.modelParams|spParams|synPermInactiveDec_0.029247765868,  2000,  None,  2.25376236851,  0.0617346258223,  11,  14,  3,  None,  None,  374,  0.029247765868,  6.23081843474,  10.946595817, 
1222,  38819,  completed,  eof,  2015-08-10 18:49:32,  2015-08-10 18:49:42,  10,  modelParams|sensorParams|encoders|timestamp_weekend:radius_1.modelParams|clParams|alpha_0.0001.modelParams|tpParams|minThreshold_9.modelParams|tpParams|activationThreshold_12.modelParams|tpParams|pamLength_1.modelParams|sensorParams|encoders|_classifierInput|n_28.modelParams|spParams|synPermInactiveDec_0.095015,  2000,  1,  None,  0.0001,  9,  12,  1,  None,  None,  28,  0.095015,  13.8897579552,  19.7437219846, 
1222,  38820,  completed,  eof,  2015-08-10 18:49:40,  2015-08-10 18:49:54,  14,  modelParams|clParams|alpha_0.0264258702932.modelParams|tpParams|minThreshold_10.modelParams|tpParams|activationThreshold_13.modelParams|tpParams|pamLength_2.modelParams|sensorParams|encoders|kw_energy_consumption:n_203.modelParams|sensorParams|encoders|_classifierInput|n_200.modelParams|spParams|synPermInactiveDec_0.0693086338218,  2000,  None,  None,  0.0264258702932,  10,  13,  2,  None,  203,  200,  0.0693086338218,  7.64408580316,  11.5961547485, 
1222,  38821,  completed,  eof,  2015-08-10 18:49:42,  2015-08-10 18:49:53,  11,  modelParams|clParams|alpha_0.0747751425553.modelParams|tpParams|minThreshold_11.modelParams|tpParams|activationThreshold_15.modelParams|tpParams|pamLength_4.modelParams|sensorParams|encoders|timestamp_dayOfWeek:radius_3.20530417084.modelParams|sensorParams|encoders|_classifierInput|n_373.modelParams|spParams|synPermInactiveDec_0.0272074113773,  2000,  None,  None,  0.0747751425553,  11,  15,  4,  3.20530417084,  None,  373,  0.0272074113773,  12.0067631262,  18.0605857056, 
1222,  38822,  completed,  eof,  2015-08-10 18:49:53,  2015-08-10 18:50:03,  10,  modelParams|sensorParams|encoders|timestamp_timeOfDay:radius_4.43871289448.modelParams|clParams|alpha_0.0727951247259.modelParams|tpParams|minThreshold_11.modelParams|tpParams|activationThreshold_15.modelParams|tpParams|pamLength_4.modelParams|sensorParams|encoders|_classifierInput|n_422.modelParams|spParams|synPermInactiveDec_0.0272074113773,  2000,  None,  4.43871289448,  0.0727951247259,  11,  15,  4,  None,  None,  422,  0.0272074113773,  6.00807438257,  10.6706475338, 
1222,  38823,  completed,  eof,  2015-08-10 18:49:54,  2015-08-10 18:50:04,  10,  modelParams|sensorParams|encoders|timestamp_weekend:radius_1.modelParams|clParams|alpha_0.014084828438.modelParams|tpParams|minThreshold_9.modelParams|tpParams|activationThreshold_12.modelParams|tpParams|pamLength_1.modelParams|sensorParams|encoders|_classifierInput|n_108.modelParams|spParams|synPermInactiveDec_0.086103254471,  2000,  1,  None,  0.014084828438,  9,  12,  1,  None,  None,  108,  0.086103254471,  17.5996518926,  23.1177779471, 
1222,  38824,  completed,  eof,  2015-08-10 18:50:03,  2015-08-10 18:50:27,  24,  modelParams|clParams|alpha_0.0121904426272.modelParams|tpParams|minThreshold_10.modelParams|tpParams|activationThreshold_13.modelParams|tpParams|pamLength_2.modelParams|sensorParams|encoders|kw_energy_consumption:n_83.modelParams|sensorParams|encoders|_classifierInput|n_152.modelParams|spParams|synPermInactiveDec_0.0683463996897,  2000,  None,  None,  0.0121904426272,  10,  13,  2,  None,  83,  152,  0.0683463996897,  6.91656700898,  11.1182734799, 
1222,  38825,  completed,  eof,  2015-08-10 18:50:04,  2015-08-10 18:50:25,  21,  modelParams|clParams|alpha_0.0605397148893.modelParams|tpParams|minThreshold_11.modelParams|tpParams|activationThreshold_15.modelParams|tpParams|pamLength_4.modelParams|sensorParams|encoders|timestamp_dayOfWeek:radius_2.47020278056.modelParams|sensorParams|encoders|_classifierInput|n_423.modelParams|spParams|synPermInactiveDec_0.0262451772453,  2000,  None,  None,  0.0605397148893,  11,  15,  4,  2.47020278056,  None,  423,  0.0262451772453,  11.1303970274,  17.0442749123, 
1222,  38826,  completed,  eof,  2015-08-10 18:50:25,  2015-08-10 18:50:39,  14,  modelParams|sensorParams|encoders|timestamp_timeOfDay:radius_3.89247526299.modelParams|clParams|alpha_0.0744897505482.modelParams|tpParams|minThreshold_11.modelParams|tpParams|activationThreshold_15.modelParams|tpParams|pamLength_4.modelParams|sensorParams|encoders|_classifierInput|n_374.modelParams|spParams|synPermInactiveDec_0.0262451772453,  2000,  None,  3.89247526299,  0.0744897505482,  11,  15,  4,  None,  None,  374,  0.0262451772453,  5.72295074381,  10.2242483034, 
1222,  38827,  completed,  eof,  2015-08-10 18:50:27,  2015-08-10 18:50:40,  13,  modelParams|sensorParams|encoders|timestamp_weekend:radius_1.modelParams|clParams|alpha_0.00734245710949.modelParams|tpParams|minThreshold_9.modelParams|tpParams|activationThreshold_12.modelParams|tpParams|pamLength_1.modelParams|sensorParams|encoders|_classifierInput|n_28.modelParams|spParams|synPermInactiveDec_0.0902945636177,  2000,  1,  None,  0.00734245710949,  9,  12,  1,  None,  None,  28,  0.0902945636177,  14.418219057,  20.2046047707, 
1222,  38828,  completed,  eof,  2015-08-10 18:50:39,  2015-08-10 18:50:54,  15,  modelParams|clParams|alpha_0.0216807277379.modelParams|tpParams|minThreshold_9.modelParams|tpParams|activationThreshold_13.modelParams|tpParams|pamLength_2.modelParams|sensorParams|encoders|kw_energy_consumption:n_180.modelParams|sensorParams|encoders|_classifierInput|n_200.modelParams|spParams|synPermInactiveDec_0.0623412224444,  2000,  None,  None,  0.0216807277379,  9,  13,  2,  None,  180,  200,  0.0623412224444,  7.42024013888,  11.4047301423, 
1222,  38829,  completed,  eof,  2015-08-10 18:50:40,  2015-08-10 18:50:53,  13,  modelParams|clParams|alpha_0.07003.modelParams|tpParams|minThreshold_10.modelParams|tpParams|activationThreshold_15.modelParams|tpParams|pamLength_4.modelParams|sensorParams|encoders|timestamp_dayOfWeek:radius_2.5.modelParams|sensorParams|encoders|_classifierInput|n_373.modelParams|spParams|synPermInactiveDec_0.02024,  2000,  None,  None,  0.07003,  10,  15,  4,  2.5,  None,  373,  0.02024,  10.8865193085,  16.6330169488, 
1222,  38830,  completed,  eof,  2015-08-10 18:50:53,  2015-08-10 18:51:03,  10,  modelParams|sensorParams|encoders|timestamp_timeOfDay:radius_3.21915718924.modelParams|clParams|alpha_0.0695540110685.modelParams|tpParams|minThreshold_10.modelParams|tpParams|activationThreshold_15.modelParams|tpParams|pamLength_4.modelParams|sensorParams|encoders|_classifierInput|n_398.modelParams|spParams|synPermInactiveDec_0.0211372816549,  2000,  None,  3.21915718924,  0.0695540110685,  10,  15,  4,  None,  None,  398,  0.0211372816549,  5.68588064304,  10.1766723879, 
1222,  38831,  completed,  eof,  2015-08-10 18:50:54,  2015-08-10 18:51:05,  11,  modelParams|sensorParams|encoders|timestamp_weekend:radius_1.modelParams|clParams|alpha_0.0118373713285.modelParams|tpParams|minThreshold_9.modelParams|tpParams|activationThreshold_12.modelParams|tpParams|pamLength_1.modelParams|sensorParams|encoders|_classifierInput|n_94.modelParams|spParams|synPermInactiveDec_0.0808536908532,  2000,  1,  None,  0.0118373713285,  9,  12,  1,  None,  None,  94,  0.0808536908532,  17.9171428348,  23.499201447, 
1222,  38832,  completed,  eof,  2015-08-10 18:51:04,  2015-08-10 18:51:20,  16,  modelParams|clParams|alpha_0.0152273134486.modelParams|tpParams|minThreshold_10.modelParams|tpParams|activationThreshold_13.modelParams|tpParams|pamLength_2.modelParams|sensorParams|encoders|kw_energy_consumption:n_98.modelParams|sensorParams|encoders|_classifierInput|n_151.modelParams|spParams|synPermInactiveDec_0.0802970636012,  2000,  None,  None,  0.0152273134486,  10,  13,  2,  None,  98,  151,  0.0802970636012,  6.80436709945,  10.7665332779, 
1222,  38833,  completed,  eof,  2015-08-10 18:51:05,  2015-08-10 18:51:18,  13,  modelParams|sensorParams|encoders|timestamp_timeOfDay:radius_3.48624912639.modelParams|clParams|alpha_0.0710186476095.modelParams|tpParams|minThreshold_10.modelParams|tpParams|activationThreshold_15.modelParams|tpParams|pamLength_4.modelParams|sensorParams|encoders|_classifierInput|n_403.modelParams|spParams|synPermInactiveDec_0.0217900072756,  2000,  None,  3.48624912639,  0.0710186476095,  10,  15,  4,  None,  None,  403,  0.0217900072756,  5.68593110371,  10.1898017913, 
1222,  38834,  completed,  eof,  2015-08-10 18:51:18,  2015-08-10 18:51:33,  15,  modelParams|clParams|alpha_0.0191435718058.modelParams|tpParams|minThreshold_10.modelParams|tpParams|activationThreshold_13.modelParams|tpParams|pamLength_2.modelParams|sensorParams|encoders|kw_energy_consumption:n_118.modelParams|sensorParams|encoders|_classifierInput|n_213.modelParams|spParams|synPermInactiveDec_0.0663657357783,  2000,  None,  None,  0.0191435718058,  10,  13,  2,  None,  118,  213,  0.0663657357783,  7.01611995197,  11.0179681842, 
1222,  38835,  completed,  eof,  2015-08-10 18:51:20,  2015-08-10 18:51:31,  11,  modelParams|sensorParams|encoders|timestamp_timeOfDay:radius_3.01128417929.modelParams|clParams|alpha_0.0700748806986.modelParams|tpParams|minThreshold_10.modelParams|tpParams|activationThreshold_15.modelParams|tpParams|pamLength_4.modelParams|sensorParams|encoders|_classifierInput|n_408.modelParams|spParams|synPermInactiveDec_0.0187644468542,  2000,  None,  3.01128417929,  0.0700748806986,  10,  15,  4,  None,  None,  408,  0.0187644468542,  5.82681858212,  10.4138742426, 
1222,  38836,  completed,  eof,  2015-08-10 18:51:31,  2015-08-10 18:51:44,  13,  modelParams|clParams|alpha_0.0001.modelParams|tpParams|minThreshold_10.modelParams|tpParams|activationThreshold_12.modelParams|tpParams|pamLength_2.modelParams|sensorParams|encoders|kw_energy_consumption:n_39.modelParams|sensorParams|encoders|_classifierInput|n_71.modelParams|spParams|synPermInactiveDec_0.0962255015256,  2000,  None,  None,  0.0001,  10,  12,  2,  None,  39,  71,  0.0962255015256,  7.25453614374,  12.1052030716, 
1222,  38837,  completed,  eof,  2015-08-10 18:51:33,  2015-08-10 18:51:43,  10,  modelParams|sensorParams|encoders|timestamp_timeOfDay:radius_1.56054575022.modelParams|clParams|alpha_0.0631116344327.modelParams|tpParams|minThreshold_10.modelParams|tpParams|activationThreshold_15.modelParams|tpParams|pamLength_4.modelParams|sensorParams|encoders|_classifierInput|n_374.modelParams|spParams|synPermInactiveDec_0.0285953723104,  2000,  None,  1.56054575022,  0.0631116344327,  10,  15,  4,  None,  None,  374,  0.0285953723104,  5.89305806523,  10.4794753579, 
1222,  38838,  completed,  eof,  2015-08-10 18:51:43,  2015-08-10 18:51:57,  14,  modelParams|clParams|alpha_0.0148299663158.modelParams|tpParams|minThreshold_10.modelParams|tpParams|activationThreshold_13.modelParams|tpParams|pamLength_2.modelParams|sensorParams|encoders|kw_energy_consumption:n_95.modelParams|sensorParams|encoders|_classifierInput|n_151.modelParams|spParams|synPermInactiveDec_0.0785388525713,  2000,  None,  None,  0.0148299663158,  10,  13,  2,  None,  95,  151,  0.0785388525713,  6.63888294434,  10.6280090274, 
1222,  38839,  completed,  eof,  2015-08-10 18:51:44,  2015-08-10 18:51:55,  11,  modelParams|sensorParams|encoders|timestamp_timeOfDay:radius_2.03895354233.modelParams|clParams|alpha_0.0824541625804.modelParams|tpParams|minThreshold_10.modelParams|tpParams|activationThreshold_15.modelParams|tpParams|pamLength_4.modelParams|sensorParams|encoders|_classifierInput|n_454.modelParams|spParams|synPermInactiveDec_0.00954514830069,  2000,  None,  2.03895354233,  0.0824541625804,  10,  15,  4,  None,  None,  454,  0.00954514830069,  5.84218964693,  10.433954157, 
1222,  38840,  completed,  eof,  2015-08-10 18:51:55,  2015-08-10 18:52:09,  14,  modelParams|clParams|alpha_0.00311736633488.modelParams|tpParams|minThreshold_10.modelParams|tpParams|activationThreshold_12.modelParams|tpParams|pamLength_2.modelParams|sensorParams|encoders|kw_energy_consumption:n_59.modelParams|sensorParams|encoders|_classifierInput|n_101.modelParams|spParams|synPermInactiveDec_0.0874130698896,  2000,  None,  None,  0.00311736633488,  10,  12,  2,  None,  59,  101,  0.0874130698896,  7.02662087619,  11.6957718507, 
1222,  38841,  completed,  eof,  2015-08-10 18:51:57,  2015-08-10 18:52:08,  11,  modelParams|sensorParams|encoders|timestamp_timeOfDay:radius_3.18019648656.modelParams|clParams|alpha_0.0681862638356.modelParams|tpParams|minThreshold_10.modelParams|tpParams|activationThreshold_15.modelParams|tpParams|pamLength_4.modelParams|sensorParams|encoders|_classifierInput|n_398.modelParams|spParams|synPermInactiveDec_0.0201153520687,  2000,  None,  3.18019648656,  0.0681862638356,  10,  15,  4,  None,  None,  398,  0.0201153520687,  5.7137387084,  10.2187027013, 
1222,  38842,  completed,  eof,  2015-08-10 18:52:08,  2015-08-10 18:52:23,  15,  modelParams|clParams|alpha_0.010008503285.modelParams|tpParams|minThreshold_10.modelParams|tpParams|activationThreshold_13.modelParams|tpParams|pamLength_2.modelParams|sensorParams|encoders|kw_energy_consumption:n_71.modelParams|sensorParams|encoders|_classifierInput|n_145.modelParams|spParams|synPermInactiveDec_0.079560568413,  2000,  None,  None,  0.010008503285,  10,  13,  2,  None,  71,  145,  0.079560568413,  6.65393782006,  10.6818961094, 
1222,  38843,  completed,  eof,  2015-08-10 18:52:09,  2015-08-10 18:52:25,  16,  modelParams|clParams|alpha_0.0155964291165.modelParams|tpParams|minThreshold_10.modelParams|tpParams|activationThreshold_13.modelParams|tpParams|pamLength_2.modelParams|sensorParams|encoders|kw_energy_consumption:n_99.modelParams|sensorParams|encoders|_classifierInput|n_152.modelParams|spParams|synPermInactiveDec_0.0767539265046,  2000,  None,  None,  0.0155964291165,  10,  13,  2,  None,  99,  152,  0.0767539265046,  6.92360275461,  10.9778831709, 
1222,  38844,  completed,  eof,  2015-08-10 18:52:23,  2015-08-10 18:52:38,  15,  modelParams|clParams|alpha_0.0121137539279.modelParams|tpParams|minThreshold_10.modelParams|tpParams|activationThreshold_13.modelParams|tpParams|pamLength_1.modelParams|sensorParams|encoders|kw_energy_consumption:n_83.modelParams|sensorParams|encoders|_classifierInput|n_147.modelParams|spParams|synPermInactiveDec_0.0819438905381,  2000,  None,  None,  0.0121137539279,  10,  13,  1,  None,  83,  147,  0.0819438905381,  6.64064454237,  10.4782765525, 
1222,  38845,  completed,  eof,  2015-08-10 18:52:25,  2015-08-10 18:52:39,  14,  modelParams|clParams|alpha_0.015489847238.modelParams|tpParams|minThreshold_10.modelParams|tpParams|activationThreshold_13.modelParams|tpParams|pamLength_2.modelParams|sensorParams|encoders|kw_energy_consumption:n_97.modelParams|sensorParams|encoders|_classifierInput|n_150.modelParams|spParams|synPermInactiveDec_0.0810869657916,  2000,  None,  None,  0.015489847238,  10,  13,  2,  None,  97,  150,  0.0810869657916,  6.8253475054,  10.8839945512, 
1222,  38846,  completed,  eof,  2015-08-10 18:52:38,  2015-08-10 18:52:52,  14,  modelParams|clParams|alpha_0.0106633019934.modelParams|tpParams|minThreshold_10.modelParams|tpParams|activationThreshold_13.modelParams|tpParams|pamLength_1.modelParams|sensorParams|encoders|kw_energy_consumption:n_78.modelParams|sensorParams|encoders|_classifierInput|n_145.modelParams|spParams|synPermInactiveDec_0.0837897966929,  2000,  None,  None,  0.0106633019934,  10,  13,  1,  None,  78,  145,  0.0837897966929,  6.62019276621,  10.617799711, 
1222,  38847,  completed,  eof,  2015-08-10 18:52:39,  2015-08-10 18:52:53,  14,  modelParams|clParams|alpha_0.0104090628218.modelParams|tpParams|minThreshold_10.modelParams|tpParams|activationThreshold_13.modelParams|tpParams|pamLength_1.modelParams|sensorParams|encoders|kw_energy_consumption:n_74.modelParams|sensorParams|encoders|_classifierInput|n_146.modelParams|spParams|synPermInactiveDec_0.0814726599849,  2000,  None,  None,  0.0104090628218,  10,  13,  1,  None,  74,  146,  0.0814726599849,  6.61570323205,  10.592765941, 
1222,  38848,  completed,  eof,  2015-08-10 18:52:52,  2015-08-10 18:53:06,  14,  modelParams|clParams|alpha_0.0118886615586.modelParams|tpParams|minThreshold_10.modelParams|tpParams|activationThreshold_13.modelParams|tpParams|pamLength_1.modelParams|sensorParams|encoders|kw_energy_consumption:n_82.modelParams|sensorParams|encoders|_classifierInput|n_132.modelParams|spParams|synPermInactiveDec_0.0839157295152,  2000,  None,  None,  0.0118886615586,  10,  13,  1,  None,  82,  132,  0.0839157295152,  6.45069679121,  10.2969709115, 
1222,  38849,  completed,  eof,  2015-08-10 18:52:54,  2015-08-10 18:53:07,  13,  modelParams|clParams|alpha_0.0151171924099.modelParams|tpParams|minThreshold_10.modelParams|tpParams|activationThreshold_13.modelParams|tpParams|pamLength_1.modelParams|sensorParams|encoders|kw_energy_consumption:n_94.modelParams|sensorParams|encoders|_classifierInput|n_166.modelParams|spParams|synPermInactiveDec_0.0783734877913,  2000,  None,  None,  0.0151171924099,  10,  13,  1,  None,  94,  166,  0.0783734877913,  6.75438719079,  10.5350669965, 
1222,  38850,  completed,  eof,  2015-08-10 18:53:06,  2015-08-10 18:53:19,  13,  modelParams|clParams|alpha_0.0125636708366.modelParams|tpParams|minThreshold_10.modelParams|tpParams|activationThreshold_13.modelParams|tpParams|pamLength_1.modelParams|sensorParams|encoders|kw_energy_consumption:n_86.modelParams|sensorParams|encoders|_classifierInput|n_132.modelParams|spParams|synPermInactiveDec_0.0836956066593,  2000,  None,  None,  0.0125636708366,  10,  13,  1,  None,  86,  132,  0.0836956066593,  6.59795496147,  10.639522052, 
1222,  38851,  completed,  eof,  2015-08-10 18:53:07,  2015-08-10 18:53:20,  13,  modelParams|clParams|alpha_0.0135423324275.modelParams|tpParams|minThreshold_10.modelParams|tpParams|activationThreshold_14.modelParams|tpParams|pamLength_1.modelParams|sensorParams|encoders|kw_energy_consumption:n_86.modelParams|sensorParams|encoders|_classifierInput|n_143.modelParams|spParams|synPermInactiveDec_0.0829947407262,  2000,  None,  None,  0.0135423324275,  10,  14,  1,  None,  86,  143,  0.0829947407262,  6.69895570045,  10.666323072, 
1222,  38852,  completed,  eof,  2015-08-10 18:53:19,  2015-08-10 18:53:33,  14,  modelParams|clParams|alpha_0.0117076840482.modelParams|tpParams|minThreshold_10.modelParams|tpParams|activationThreshold_13.modelParams|tpParams|pamLength_1.modelParams|sensorParams|encoders|kw_energy_consumption:n_82.modelParams|sensorParams|encoders|_classifierInput|n_132.modelParams|spParams|synPermInactiveDec_0.0840994481845,  2000,  None,  None,  0.0117076840482,  10,  13,  1,  None,  82,  132,  0.0840994481845,  6.42426432801,  10.2220243443, 
1222,  38853,  completed,  eof,  2015-08-10 18:53:20,  2015-08-10 18:53:34,  14,  modelParams|clParams|alpha_0.0109617196692.modelParams|tpParams|minThreshold_10.modelParams|tpParams|activationThreshold_13.modelParams|tpParams|pamLength_1.modelParams|sensorParams|encoders|kw_energy_consumption:n_77.modelParams|sensorParams|encoders|_classifierInput|n_126.modelParams|spParams|synPermInactiveDec_0.0857061802679,  2000,  None,  None,  0.0109617196692,  10,  13,  1,  None,  77,  126,  0.0857061802679,  6.42223943037,  10.2225406626, 
1222,  38854,  completed,  eof,  2015-08-10 18:53:33,  2015-08-10 18:53:46,  13,  modelParams|clParams|alpha_0.0123135999877.modelParams|tpParams|minThreshold_10.modelParams|tpParams|activationThreshold_13.modelParams|tpParams|pamLength_1.modelParams|sensorParams|encoders|kw_energy_consumption:n_84.modelParams|sensorParams|encoders|_classifierInput|n_133.modelParams|spParams|synPermInactiveDec_0.0832406249834,  2000,  None,  None,  0.0123135999877,  10,  13,  1,  None,  84,  133,  0.0832406249834,  6.76608606323,  10.679669882, 
1222,  38855,  completed,  eof,  2015-08-10 18:53:34,  2015-08-10 18:53:47,  13,  modelParams|clParams|alpha_0.0117369458572.modelParams|tpParams|minThreshold_10.modelParams|tpParams|activationThreshold_13.modelParams|tpParams|pamLength_2.modelParams|sensorParams|encoders|kw_energy_consumption:n_81.modelParams|sensorParams|encoders|_classifierInput|n_132.modelParams|spParams|synPermInactiveDec_0.0836579248918,  2000,  None,  None,  0.0117369458572,  10,  13,  2,  None,  81,  132,  0.0836579248918,  6.76055093575,  10.9430649673, 
1222,  38856,  completed,  eof,  2015-08-10 18:53:46,  2015-08-10 18:54:00,  14,  modelParams|clParams|alpha_0.0120161179478.modelParams|tpParams|minThreshold_10.modelParams|tpParams|activationThreshold_12.modelParams|tpParams|pamLength_1.modelParams|sensorParams|encoders|kw_energy_consumption:n_83.modelParams|sensorParams|encoders|_classifierInput|n_131.modelParams|spParams|synPermInactiveDec_0.0839287266269,  2000,  None,  None,  0.0120161179478,  10,  12,  1,  None,  83,  131,  0.0839287266269,  6.51245728789,  10.3917115885, 
1222,  38857,  completed,  eof,  2015-08-10 18:53:47,  2015-08-10 18:54:00,  13,  modelParams|clParams|alpha_0.0120323393548.modelParams|tpParams|minThreshold_10.modelParams|tpParams|activationThreshold_13.modelParams|tpParams|pamLength_1.modelParams|sensorParams|encoders|kw_energy_consumption:n_83.modelParams|sensorParams|encoders|_classifierInput|n_128.modelParams|spParams|synPermInactiveDec_0.0847561452344,  2000,  None,  None,  0.0120323393548,  10,  13,  1,  None,  83,  128,  0.0847561452344,  6.65707191924,  10.5903465254, 
1222,  38858,  completed,  eof,  2015-08-10 18:54:00,  2015-08-10 18:54:13,  13,  modelParams|clParams|alpha_0.011334218553.modelParams|tpParams|minThreshold_10.modelParams|tpParams|activationThreshold_13.modelParams|tpParams|pamLength_1.modelParams|sensorParams|encoders|kw_energy_consumption:n_80.modelParams|sensorParams|encoders|_classifierInput|n_131.modelParams|spParams|synPermInactiveDec_0.0847406157563,  2000,  None,  None,  0.011334218553,  10,  13,  1,  None,  80,  131,  0.0847406157563,  6.39136573272,  10.1141718108, 
1222,  38859,  completed,  eof,  2015-08-10 18:54:00,  2015-08-10 18:54:13,  13,  modelParams|clParams|alpha_0.0110691594599.modelParams|tpParams|minThreshold_10.modelParams|tpParams|activationThreshold_14.modelParams|tpParams|pamLength_1.modelParams|sensorParams|encoders|kw_energy_consumption:n_80.modelParams|sensorParams|encoders|_classifierInput|n_126.modelParams|spParams|synPermInactiveDec_0.0849499864978,  2000,  None,  None,  0.0110691594599,  10,  14,  1,  None,  80,  126,  0.0849499864978,  6.48728153194,  10.4030119323, 
1222,  38860,  completed,  eof,  2015-08-10 18:54:13,  2015-08-10 18:54:27,  14,  modelParams|clParams|alpha_0.0123229425298.modelParams|tpParams|minThreshold_10.modelParams|tpParams|activationThreshold_13.modelParams|tpParams|pamLength_1.modelParams|sensorParams|encoders|kw_energy_consumption:n_85.modelParams|sensorParams|encoders|_classifierInput|n_136.modelParams|spParams|synPermInactiveDec_0.0829994412469,  2000,  None,  None,  0.0123229425298,  10,  13,  1,  None,  85,  136,  0.0829994412469,  6.44485924242,  10.2741361044, 
1222,  38861,  completed,  eof,  2015-08-10 18:54:13,  2015-08-10 18:54:27,  14,  modelParams|clParams|alpha_0.0110822228845.modelParams|tpParams|minThreshold_10.modelParams|tpParams|activationThreshold_13.modelParams|tpParams|pamLength_1.modelParams|sensorParams|encoders|kw_energy_consumption:n_80.modelParams|sensorParams|encoders|_classifierInput|n_129.modelParams|spParams|synPermInactiveDec_0.0848763080564,  2000,  None,  None,  0.0110822228845,  10,  13,  1,  None,  80,  129,  0.0848763080564,  6.4350581996,  10.3227627157, 
1222,  38862,  completed,  eof,  2015-08-10 18:54:27,  2015-08-10 18:54:40,  13,  modelParams|clParams|alpha_0.011462331937.modelParams|tpParams|minThreshold_10.modelParams|tpParams|activationThreshold_13.modelParams|tpParams|pamLength_1.modelParams|sensorParams|encoders|kw_energy_consumption:n_81.modelParams|sensorParams|encoders|_classifierInput|n_131.modelParams|spParams|synPermInactiveDec_0.0847735787571,  2000,  None,  None,  0.011462331937,  10,  13,  1,  None,  81,  131,  0.0847735787571,  6.39725657973,  10.2788992361, 
1222,  38863,  completed,  eof,  2015-08-10 18:54:27,  2015-08-10 18:54:40,  13,  modelParams|clParams|alpha_0.011427343274.modelParams|tpParams|minThreshold_10.modelParams|tpParams|activationThreshold_13.modelParams|tpParams|pamLength_1.modelParams|sensorParams|encoders|kw_energy_consumption:n_81.modelParams|sensorParams|encoders|_classifierInput|n_132.modelParams|spParams|synPermInactiveDec_0.0844992246284,  2000,  None,  None,  0.011427343274,  10,  13,  1,  None,  81,  132,  0.0844992246284,  6.48079561486,  10.3385052993, 
1222,  38864,  completed,  eof,  2015-08-10 18:54:40,  2015-08-10 18:54:54,  14,  modelParams|clParams|alpha_0.0109727483337.modelParams|tpParams|minThreshold_10.modelParams|tpParams|activationThreshold_12.modelParams|tpParams|pamLength_1.modelParams|sensorParams|encoders|kw_energy_consumption:n_79.modelParams|sensorParams|encoders|_classifierInput|n_130.modelParams|spParams|synPermInactiveDec_0.0851931779686,  2000,  None,  None,  0.0109727483337,  10,  12,  1,  None,  79,  130,  0.0851931779686,  6.29943806703,  10.0543347369, 
1222,  38875,  completed,  eof,  2015-08-10 18:54:40,  2015-08-10 18:54:54,  14,  modelParams|clParams|alpha_0.0116685710232.modelParams|tpParams|minThreshold_10.modelParams|tpParams|activationThreshold_13.modelParams|tpParams|pamLength_1.modelParams|sensorParams|encoders|kw_energy_consumption:n_81.modelParams|sensorParams|encoders|_classifierInput|n_132.modelParams|spParams|synPermInactiveDec_0.0843662443627,  2000,  None,  None,  0.0116685710232,  10,  13,  1,  None,  81,  132,  0.0843662443627,  6.75982264888,  10.7528436989, 
1222,  38876,  completed,  eof,  2015-08-10 18:54:54,  2015-08-10 18:55:08,  14,  modelParams|clParams|alpha_0.0110528666943.modelParams|tpParams|minThreshold_10.modelParams|tpParams|activationThreshold_13.modelParams|tpParams|pamLength_1.modelParams|sensorParams|encoders|kw_energy_consumption:n_79.modelParams|sensorParams|encoders|_classifierInput|n_130.modelParams|spParams|synPermInactiveDec_0.0849938572784,  2000,  None,  None,  0.0110528666943,  10,  13,  1,  None,  79,  130,  0.0849938572784,  6.35733294114,  10.1926229755, 
1222,  38877,  completed,  eof,  2015-08-10 18:54:55,  2015-08-10 18:55:09,  14,  modelParams|clParams|alpha_0.0109880241514.modelParams|tpParams|minThreshold_10.modelParams|tpParams|activationThreshold_12.modelParams|tpParams|pamLength_1.modelParams|sensorParams|encoders|kw_energy_consumption:n_79.modelParams|sensorParams|encoders|_classifierInput|n_131.modelParams|spParams|synPermInactiveDec_0.0850103743702,  2000,  None,  None,  0.0109880241514,  10,  12,  1,  None,  79,  131,  0.0850103743702,  6.27469788136,  10.05884262, 
1222,  38878,  completed,  eof,  2015-08-10 18:55:08,  2015-08-10 18:55:22,  14,  modelParams|clParams|alpha_0.0110578210085.modelParams|tpParams|minThreshold_10.modelParams|tpParams|activationThreshold_12.modelParams|tpParams|pamLength_1.modelParams|sensorParams|encoders|kw_energy_consumption:n_79.modelParams|sensorParams|encoders|_classifierInput|n_130.modelParams|spParams|synPermInactiveDec_0.0850981519197,  2000,  None,  None,  0.0110578210085,  10,  12,  1,  None,  79,  130,  0.0850981519197,  6.26034549834,  9.99240546765, 
1222,  38879,  completed,  eof,  2015-08-10 18:55:09,  2015-08-10 18:55:23,  14,  modelParams|clParams|alpha_0.0109486455521.modelParams|tpParams|minThreshold_10.modelParams|tpParams|activationThreshold_12.modelParams|tpParams|pamLength_1.modelParams|sensorParams|encoders|kw_energy_consumption:n_78.modelParams|sensorParams|encoders|_classifierInput|n_131.modelParams|spParams|synPermInactiveDec_0.0852539758363,  2000,  None,  None,  0.0109486455521,  10,  12,  1,  None,  78,  131,  0.0852539758363,  6.37809544552,  10.2718769433, 
1222,  38880,  completed,  eof,  2015-08-10 18:55:22,  2015-08-10 18:55:36,  14,  modelParams|clParams|alpha_0.0111829845762.modelParams|tpParams|minThreshold_10.modelParams|tpParams|activationThreshold_12.modelParams|tpParams|pamLength_1.modelParams|sensorParams|encoders|kw_energy_consumption:n_80.modelParams|sensorParams|encoders|_classifierInput|n_130.modelParams|spParams|synPermInactiveDec_0.0850746959311,  2000,  None,  None,  0.0111829845762,  10,  12,  1,  None,  80,  130,  0.0850746959311,  6.4728520496,  10.4049643972, 
1222,  38881,  completed,  eof,  2015-08-10 18:55:23,  2015-08-10 18:55:37,  14,  modelParams|clParams|alpha_0.0110495406625.modelParams|tpParams|minThreshold_10.modelParams|tpParams|activationThreshold_12.modelParams|tpParams|pamLength_1.modelParams|sensorParams|encoders|kw_energy_consumption:n_79.modelParams|sensorParams|encoders|_classifierInput|n_130.modelParams|spParams|synPermInactiveDec_0.0851149753775,  2000,  None,  None,  0.0110495406625,  10,  12,  1,  None,  79,  130,  0.0851149753775,  6.26034549834,  9.99240546765, 
1222,  38882,  completed,  eof,  2015-08-10 18:55:36,  2015-08-10 18:55:50,  14,  modelParams|clParams|alpha_0.0109259829595.modelParams|tpParams|minThreshold_10.modelParams|tpParams|activationThreshold_12.modelParams|tpParams|pamLength_1.modelParams|sensorParams|encoders|kw_energy_consumption:n_79.modelParams|sensorParams|encoders|_classifierInput|n_130.modelParams|spParams|synPermInactiveDec_0.0851467767057,  2000,  None,  None,  0.0109259829595,  10,  12,  1,  None,  79,  130,  0.0851467767057,  6.33895462237,  10.1393082354, 
1222,  38883,  completed,  eof,  2015-08-10 18:55:37,  2015-08-10 18:55:51,  14,  modelParams|clParams|alpha_0.0109654404421.modelParams|tpParams|minThreshold_10.modelParams|tpParams|activationThreshold_12.modelParams|tpParams|pamLength_1.modelParams|sensorParams|encoders|kw_energy_consumption:n_79.modelParams|sensorParams|encoders|_classifierInput|n_130.modelParams|spParams|synPermInactiveDec_0.0852478837425,  2000,  None,  None,  0.0109654404421,  10,  12,  1,  None,  79,  130,  0.0852478837425,  6.29943806703,  10.0543347369, 
1222,  38884,  completed,  eof,  2015-08-10 18:55:50,  2015-08-10 18:56:04,  14,  modelParams|clParams|alpha_0.0110374141988.modelParams|tpParams|minThreshold_10.modelParams|tpParams|activationThreshold_12.modelParams|tpParams|pamLength_1.modelParams|sensorParams|encoders|kw_energy_consumption:n_79.modelParams|sensorParams|encoders|_classifierInput|n_130.modelParams|spParams|synPermInactiveDec_0.0851198017987,  2000,  None,  None,  0.0110374141988,  10,  12,  1,  None,  79,  130,  0.0851198017987,  6.25719138103,  9.99091558215, 
1222,  38885,  completed,  eof,  2015-08-10 18:55:51,  2015-08-10 18:56:05,  14,  modelParams|clParams|alpha_0.0112610884933.modelParams|tpParams|minThreshold_10.modelParams|tpParams|activationThreshold_12.modelParams|tpParams|pamLength_1.modelParams|sensorParams|encoders|kw_energy_consumption:n_80.modelParams|sensorParams|encoders|_classifierInput|n_131.modelParams|spParams|synPermInactiveDec_0.0848518813611,  2000,  None,  None,  0.0112610884933,  10,  12,  1,  None,  80,  131,  0.0848518813611,  6.22545944612,  9.97937267977, 
1222,  38886,  completed,  eof,  2015-08-10 18:56:04,  2015-08-10 18:56:19,  15,  modelParams|clParams|alpha_0.0110388866668.modelParams|tpParams|minThreshold_10.modelParams|tpParams|activationThreshold_12.modelParams|tpParams|pamLength_1.modelParams|sensorParams|encoders|kw_energy_consumption:n_78.modelParams|sensorParams|encoders|_classifierInput|n_130.modelParams|spParams|synPermInactiveDec_0.085149499909,  2000,  None,  None,  0.0110388866668,  10,  12,  1,  None,  78,  130,  0.085149499909,  6.31905807904,  10.1246435287, 
1222,  38887,  completed,  eof,  2015-08-10 18:56:05,  2015-08-10 18:56:20,  15,  modelParams|clParams|alpha_0.011198284904.modelParams|tpParams|minThreshold_10.modelParams|tpParams|activationThreshold_12.modelParams|tpParams|pamLength_1.modelParams|sensorParams|encoders|kw_energy_consumption:n_79.modelParams|sensorParams|encoders|_classifierInput|n_131.modelParams|spParams|synPermInactiveDec_0.084893864071,  2000,  None,  None,  0.011198284904,  10,  12,  1,  None,  79,  131,  0.084893864071,  6.34006688939,  10.2275253529, 
1222,  38900,  completed,  eof,  2015-08-10 18:56:19,  2015-08-10 18:56:35,  16,  modelParams|clParams|alpha_0.0112062046681.modelParams|tpParams|minThreshold_10.modelParams|tpParams|activationThreshold_12.modelParams|tpParams|pamLength_1.modelParams|sensorParams|encoders|kw_energy_consumption:n_79.modelParams|sensorParams|encoders|_classifierInput|n_131.modelParams|spParams|synPermInactiveDec_0.0849066750274,  2000,  None,  None,  0.0112062046681,  10,  12,  1,  None,  79,  131,  0.0849066750274,  6.34006688939,  10.2275253529, 
1222,  38901,  completed,  eof,  2015-08-10 18:56:20,  2015-08-10 18:56:36,  16,  modelParams|clParams|alpha_0.0112407835013.modelParams|tpParams|minThreshold_10.modelParams|tpParams|activationThreshold_12.modelParams|tpParams|pamLength_1.modelParams|sensorParams|encoders|kw_energy_consumption:n_80.modelParams|sensorParams|encoders|_classifierInput|n_130.modelParams|spParams|synPermInactiveDec_0.0848506128711,  2000,  None,  None,  0.0112407835013,  10,  12,  1,  None,  80,  130,  0.0848506128711,  6.2016278065,  9.91402193495, 
1222,  38904,  completed,  eof,  2015-08-10 18:56:35,  2015-08-10 18:56:52,  17,  modelParams|clParams|alpha_0.0112806144726.modelParams|tpParams|minThreshold_10.modelParams|tpParams|activationThreshold_12.modelParams|tpParams|pamLength_1.modelParams|sensorParams|encoders|kw_energy_consumption:n_80.modelParams|sensorParams|encoders|_classifierInput|n_131.modelParams|spParams|synPermInactiveDec_0.0847961777186,  2000,  None,  None,  0.0112806144726,  10,  12,  1,  None,  80,  131,  0.0847961777186,  6.29251761616,  10.0496699758, 
1222,  38905,  completed,  eof,  2015-08-10 18:56:36,  2015-08-10 18:56:53,  17,  modelParams|clParams|alpha_0.0112025725166.modelParams|tpParams|minThreshold_10.modelParams|tpParams|activationThreshold_12.modelParams|tpParams|pamLength_1.modelParams|sensorParams|encoders|kw_energy_consumption:n_80.modelParams|sensorParams|encoders|_classifierInput|n_130.modelParams|spParams|synPermInactiveDec_0.0848882528925,  2000,  None,  None,  0.0112025725166,  10,  12,  1,  None,  80,  130,  0.0848882528925,  6.37583558544,  10.1162009214, 
1222,  38909,  completed,  eof,  2015-08-10 18:56:52,  2015-08-10 18:57:08,  16,  modelParams|clParams|alpha_0.0112452876502.modelParams|tpParams|minThreshold_10.modelParams|tpParams|activationThreshold_12.modelParams|tpParams|pamLength_1.modelParams|sensorParams|encoders|kw_energy_consumption:n_80.modelParams|sensorParams|encoders|_classifierInput|n_130.modelParams|spParams|synPermInactiveDec_0.0848162061968,  2000,  None,  None,  0.0112452876502,  10,  12,  1,  None,  80,  130,  0.0848162061968,  6.2016278065,  9.91402193495, 
1222,  38911,  completed,  eof,  2015-08-10 18:56:53,  2015-08-10 18:57:09,  16,  modelParams|clParams|alpha_0.0112552399475.modelParams|tpParams|minThreshold_10.modelParams|tpParams|activationThreshold_12.modelParams|tpParams|pamLength_1.modelParams|sensorParams|encoders|kw_energy_consumption:n_80.modelParams|sensorParams|encoders|_classifierInput|n_130.modelParams|spParams|synPermInactiveDec_0.0848108676976,  2000,  None,  None,  0.0112552399475,  10,  12,  1,  None,  80,  130,  0.0848108676976,  6.2016278065,  9.91402193495, 
1222,  38914,  completed,  eof,  2015-08-10 18:57:08,  2015-08-10 18:57:25,  17,  modelParams|clParams|alpha_0.0112916258269.modelParams|tpParams|minThreshold_10.modelParams|tpParams|activationThreshold_12.modelParams|tpParams|pamLength_1.modelParams|sensorParams|encoders|kw_energy_consumption:n_81.modelParams|sensorParams|encoders|_classifierInput|n_131.modelParams|spParams|synPermInactiveDec_0.0847833156392,  2000,  None,  None,  0.0112916258269,  10,  12,  1,  None,  81,  131,  0.0847833156392,  6.46623834505,  10.3897970496, 
1222,  38915,  completed,  eof,  2015-08-10 18:57:09,  2015-08-10 18:57:26,  17,  modelParams|clParams|alpha_0.01124807897.modelParams|tpParams|minThreshold_10.modelParams|tpParams|activationThreshold_12.modelParams|tpParams|pamLength_1.modelParams|sensorParams|encoders|kw_energy_consumption:n_80.modelParams|sensorParams|encoders|_classifierInput|n_130.modelParams|spParams|synPermInactiveDec_0.0848414179766,  2000,  None,  None,  0.01124807897,  10,  12,  1,  None,  80,  130,  0.0848414179766,  6.2016278065,  9.91402193495, 
1222,  38918,  completed,  eof,  2015-08-10 18:57:25,  2015-08-10 18:57:42,  17,  modelParams|clParams|alpha_0.0112340534034.modelParams|tpParams|minThreshold_10.modelParams|tpParams|activationThreshold_12.modelParams|tpParams|pamLength_1.modelParams|sensorParams|encoders|kw_energy_consumption:n_81.modelParams|sensorParams|encoders|_classifierInput|n_130.modelParams|spParams|synPermInactiveDec_0.084835781547,  2000,  None,  None,  0.0112340534034,  10,  12,  1,  None,  81,  130,  0.084835781547,  6.54664747116,  10.5687220638, 
1222,  38920,  completed,  killed,  2015-08-10 18:57:26,  2015-08-10 18:57:42,  16,  modelParams|clParams|alpha_0.0112533899568.modelParams|tpParams|minThreshold_10.modelParams|tpParams|activationThreshold_12.modelParams|tpParams|pamLength_1.modelParams|sensorParams|encoders|kw_energy_consumption:n_81.modelParams|sensorParams|encoders|_classifierInput|n_130.modelParams|spParams|synPermInactiveDec_0.0848270536046,  2000,  None,  None,  0.0112533899568,  10,  12,  1,  None,  81,  130,  0.0848270536046,  6.54638478466,  10.5687071868, 
1222,  38924,  completed,  eof,  2015-08-10 18:57:42,  2015-08-10 18:58:01,  19,  modelParams|clParams|alpha_0.05005.modelParams|tpParams|minThreshold_11.modelParams|tpParams|activationThreshold_14.modelParams|tpParams|pamLength_3.modelParams|sensorParams|encoders|timestamp_dayOfWeek:radius_3.5.modelParams|sensorParams|encoders|kw_energy_consumption:n_105.modelParams|sensorParams|encoders|_classifierInput|n_275.modelParams|spParams|synPermInactiveDec_0.05015,  2000,  None,  None,  0.05005,  11,  14,  3,  3.5,  105,  275,  0.05015,  7.76688192193,  11.9096638945, 
1222,  38925,  completed,  eof,  2015-08-10 18:57:42,  2015-08-10 18:57:59,  17,  modelParams|sensorParams|encoders|timestamp_timeOfDay:radius_6.25.modelParams|clParams|alpha_0.05005.modelParams|tpParams|minThreshold_11.modelParams|tpParams|activationThreshold_14.modelParams|tpParams|pamLength_3.modelParams|sensorParams|encoders|kw_energy_consumption:n_105.modelParams|sensorParams|encoders|_classifierInput|n_275.modelParams|spParams|synPermInactiveDec_0.05015,  2000,  None,  6.25,  0.05005,  11,  14,  3,  None,  105,  275,  0.05015,  5.45902158204,  8.60270297585, 
1222,  38929,  completed,  eof,  2015-08-10 18:57:59,  2015-08-10 18:58:12,  13,  modelParams|clParams|alpha_0.0001.modelParams|tpParams|minThreshold_9.modelParams|tpParams|activationThreshold_12.modelParams|tpParams|pamLength_1.modelParams|sensorParams|encoders|timestamp_dayOfWeek:radius_1.0.modelParams|sensorParams|encoders|kw_energy_consumption:n_105.modelParams|sensorParams|encoders|_classifierInput|n_28.modelParams|spParams|synPermInactiveDec_0.1,  2000,  None,  None,  0.0001,  9,  12,  1,  1.0,  105,  28,  0.1,  6.61359281163,  11.1194685724, 
1222,  38931,  completed,  eof,  2015-08-10 18:58:01,  2015-08-10 18:58:16,  15,  modelParams|sensorParams|encoders|timestamp_timeOfDay:radius_0.5.modelParams|clParams|alpha_0.0001.modelParams|tpParams|minThreshold_9.modelParams|tpParams|activationThreshold_12.modelParams|tpParams|pamLength_1.modelParams|sensorParams|encoders|kw_energy_consumption:n_135.modelParams|sensorParams|encoders|_classifierInput|n_28.modelParams|spParams|synPermInactiveDec_0.1,  2000,  None,  0.5,  0.0001,  9,  12,  1,  None,  135,  28,  0.1,  3.65294088268,  6.18302703583, 
1222,  38933,  completed,  eof,  2015-08-10 18:58:13,  2015-08-10 18:58:33,  20,  modelParams|clParams|alpha_0.1.modelParams|tpParams|minThreshold_12.modelParams|tpParams|activationThreshold_16.modelParams|tpParams|pamLength_5.modelParams|sensorParams|encoders|timestamp_dayOfWeek:radius_6.0.modelParams|sensorParams|encoders|kw_energy_consumption:n_80.modelParams|sensorParams|encoders|_classifierInput|n_521.modelParams|spParams|synPermInactiveDec_0.0003,  2000,  None,  None,  0.1,  12,  16,  5,  6.0,  80,  521,  0.0003,  9.75305038817,  14.3995850242, 
1222,  38934,  completed,  eof,  2015-08-10 18:58:16,  2015-08-10 18:58:37,  21,  modelParams|sensorParams|encoders|timestamp_timeOfDay:radius_12.0.modelParams|clParams|alpha_0.1.modelParams|tpParams|minThreshold_12.modelParams|tpParams|activationThreshold_16.modelParams|tpParams|pamLength_5.modelParams|sensorParams|encoders|kw_energy_consumption:n_110.modelParams|sensorParams|encoders|_classifierInput|n_521.modelParams|spParams|synPermInactiveDec_0.0003,  2000,  None,  12.0,  0.1,  12,  16,  5,  None,  110,  521,  0.0003,  8.77319008269,  13.1787298187, 
1222,  38935,  completed,  eof,  2015-08-10 18:58:33,  2015-08-10 18:58:48,  15,  modelParams|clParams|alpha_0.025075.modelParams|tpParams|minThreshold_10.modelParams|tpParams|activationThreshold_13.modelParams|tpParams|pamLength_2.modelParams|sensorParams|encoders|timestamp_dayOfWeek:radius_4.75.modelParams|sensorParams|encoders|kw_energy_consumption:n_129.modelParams|sensorParams|encoders|_classifierInput|n_151.modelParams|spParams|synPermInactiveDec_0.075075,  2000,  None,  None,  0.025075,  10,  13,  2,  4.75,  129,  151,  0.075075,  7.13316661977,  11.2269922177, 
1222,  38936,  completed,  eof,  2015-08-10 18:58:37,  2015-08-10 18:58:50,  13,  modelParams|sensorParams|encoders|timestamp_timeOfDay:radius_9.125.modelParams|clParams|alpha_0.025075.modelParams|tpParams|minThreshold_10.modelParams|tpParams|activationThreshold_13.modelParams|tpParams|pamLength_2.modelParams|sensorParams|encoders|kw_energy_consumption:n_157.modelParams|sensorParams|encoders|_classifierInput|n_151.modelParams|spParams|synPermInactiveDec_0.075075,  2000,  None,  9.125,  0.025075,  10,  13,  2,  None,  157,  151,  0.075075,  5.50835160759,  8.69801321612, 
1222,  38937,  completed,  eof,  2015-08-10 18:58:48,  2015-08-10 18:59:04,  16,  modelParams|clParams|alpha_0.075025.modelParams|tpParams|minThreshold_11.modelParams|tpParams|activationThreshold_15.modelParams|tpParams|pamLength_4.modelParams|sensorParams|encoders|timestamp_dayOfWeek:radius_2.25.modelParams|sensorParams|encoders|kw_energy_consumption:n_133.modelParams|sensorParams|encoders|_classifierInput|n_398.modelParams|spParams|synPermInactiveDec_0.025225,  2000,  None,  None,  0.075025,  11,  15,  4,  2.25,  133,  398,  0.025225,  8.20781121931,  12.3432501881, 
1222,  38938,  completed,  eof,  2015-08-10 18:58:50,  2015-08-10 18:59:05,  15,  modelParams|sensorParams|encoders|timestamp_timeOfDay:radius_3.375.modelParams|clParams|alpha_0.075025.modelParams|tpParams|minThreshold_11.modelParams|tpParams|activationThreshold_15.modelParams|tpParams|pamLength_4.modelParams|sensorParams|encoders|kw_energy_consumption:n_167.modelParams|sensorParams|encoders|_classifierInput|n_398.modelParams|spParams|synPermInactiveDec_0.025225,  2000,  None,  3.375,  0.075025,  11,  15,  4,  None,  167,  398,  0.025225,  5.04602492964,  8.04418318412, 
1222,  38939,  completed,  eof,  2015-08-10 18:59:04,  2015-08-10 18:59:16,  12,  modelParams|clParams|alpha_0.0145852851107.modelParams|tpParams|minThreshold_9.modelParams|tpParams|activationThreshold_12.modelParams|tpParams|pamLength_2.modelParams|sensorParams|encoders|timestamp_dayOfWeek:radius_1.72020278056.modelParams|sensorParams|encoders|kw_energy_consumption:n_111.modelParams|sensorParams|encoders|_classifierInput|n_82.modelParams|spParams|synPermInactiveDec_0.1,  2000,  None,  None,  0.0145852851107,  9,  12,  2,  1.72020278056,  111,  82,  0.1,  7.59808990886,  11.8392883726, 
1222,  38940,  completed,  eof,  2015-08-10 18:59:05,  2015-08-10 18:59:16,  11,  modelParams|sensorParams|encoders|timestamp_timeOfDay:radius_2.16747526299.modelParams|clParams|alpha_0.0106252494518.modelParams|tpParams|minThreshold_9.modelParams|tpParams|activationThreshold_13.modelParams|tpParams|pamLength_2.modelParams|sensorParams|encoders|kw_energy_consumption:n_141.modelParams|sensorParams|encoders|_classifierInput|n_82.modelParams|spParams|synPermInactiveDec_0.1,  2000,  None,  2.16747526299,  0.0106252494518,  9,  13,  2,  None,  141,  82,  0.1,  4.21775811912,  7.18716242066, 
1222,  38941,  completed,  eof,  2015-08-10 18:59:16,  2015-08-10 18:59:27,  11,  modelParams|clParams|alpha_0.0001.modelParams|tpParams|minThreshold_9.modelParams|tpParams|activationThreshold_12.modelParams|tpParams|pamLength_1.modelParams|sensorParams|encoders|timestamp_dayOfWeek:radius_1.modelParams|sensorParams|encoders|kw_energy_consumption:n_111.modelParams|sensorParams|encoders|_classifierInput|n_28.modelParams|spParams|synPermInactiveDec_0.095015,  2000,  None,  None,  0.0001,  9,  12,  1,  1,  111,  28,  0.095015,  6.57146130312,  10.976800453, 
1222,  38942,  completed,  eof,  2015-08-10 18:59:16,  2015-08-10 18:59:30,  14,  modelParams|sensorParams|encoders|timestamp_timeOfDay:radius_0.5.modelParams|clParams|alpha_0.0001.modelParams|tpParams|minThreshold_9.modelParams|tpParams|activationThreshold_12.modelParams|tpParams|pamLength_1.modelParams|sensorParams|encoders|kw_energy_consumption:n_149.modelParams|sensorParams|encoders|_classifierInput|n_28.modelParams|spParams|synPermInactiveDec_0.095015,  2000,  None,  0.5,  0.0001,  9,  12,  1,  None,  149,  28,  0.095015,  3.77319681791,  6.52679614639, 
1222,  38943,  completed,  eof,  2015-08-10 18:59:27,  2015-08-10 18:59:40,  13,  modelParams|clParams|alpha_0.0140855702213.modelParams|tpParams|minThreshold_9.modelParams|tpParams|activationThreshold_12.modelParams|tpParams|pamLength_1.modelParams|sensorParams|encoders|timestamp_dayOfWeek:radius_2.19040556112.modelParams|sensorParams|encoders|kw_energy_consumption:n_111.modelParams|sensorParams|encoders|_classifierInput|n_63.modelParams|spParams|synPermInactiveDec_0.1,  2000,  None,  None,  0.0140855702213,  9,  12,  1,  2.19040556112,  111,  63,  0.1,  7.048633842,  11.2859037809, 
1222,  38944,  completed,  eof,  2015-08-10 18:59:30,  2015-08-10 18:59:41,  11,  modelParams|sensorParams|encoders|timestamp_timeOfDay:radius_2.10995052598.modelParams|clParams|alpha_0.00616549890357.modelParams|tpParams|minThreshold_9.modelParams|tpParams|activationThreshold_12.modelParams|tpParams|pamLength_2.modelParams|sensorParams|encoders|kw_energy_consumption:n_142.modelParams|sensorParams|encoders|_classifierInput|n_112.modelParams|spParams|synPermInactiveDec_0.1,  2000,  None,  2.10995052598,  0.00616549890357,  9,  12,  2,  None,  142,  112,  0.1,  4.04082605134,  6.7541972184, 
1222,  38945,  completed,  eof,  2015-08-10 18:59:40,  2015-08-10 18:59:51,  11,  modelParams|clParams|alpha_0.0001.modelParams|tpParams|minThreshold_9.modelParams|tpParams|activationThreshold_12.modelParams|tpParams|pamLength_1.modelParams|sensorParams|encoders|timestamp_dayOfWeek:radius_1.45530417084.modelParams|sensorParams|encoders|kw_energy_consumption:n_123.modelParams|sensorParams|encoders|_classifierInput|n_68.modelParams|spParams|synPermInactiveDec_0.0903884532493,  2000,  None,  None,  0.0001,  9,  12,  1,  1.45530417084,  123,  68,  0.0903884532493,  7.39624150905,  12.3427576455, 
1222,  38946,  completed,  eof,  2015-08-10 18:59:41,  2015-08-10 18:59:53,  12,  modelParams|sensorParams|encoders|timestamp_timeOfDay:radius_1.56371289448.modelParams|clParams|alpha_0.00786012472589.modelParams|tpParams|minThreshold_9.modelParams|tpParams|activationThreshold_12.modelParams|tpParams|pamLength_1.modelParams|sensorParams|encoders|kw_energy_consumption:n_155.modelParams|sensorParams|encoders|_classifierInput|n_28.modelParams|spParams|synPermInactiveDec_0.0954630665616,  2000,  None,  1.56371289448,  0.00786012472589,  9,  12,  1,  None,  155,  28,  0.0954630665616,  3.80322671021,  6.35278174664, 
1222,  38947,  completed,  eof,  2015-08-10 18:59:51,  2015-08-10 19:00:03,  12,  modelParams|clParams|alpha_0.00934042766598.modelParams|tpParams|minThreshold_9.modelParams|tpParams|activationThreshold_12.modelParams|tpParams|pamLength_1.modelParams|sensorParams|encoders|timestamp_dayOfWeek:radius_1.48510139028.modelParams|sensorParams|encoders|kw_energy_consumption:n_124.modelParams|sensorParams|encoders|_classifierInput|n_48.modelParams|spParams|synPermInactiveDec_0.0912845863725,  2000,  None,  None,  0.00934042766598,  9,  12,  1,  1.48510139028,  124,  48,  0.0912845863725,  7.29238189414,  11.6249840678, 
1222,  38948,  completed,  eof,  2015-08-10 18:59:53,  2015-08-10 19:00:06,  13,  modelParams|sensorParams|encoders|timestamp_timeOfDay:radius_0.5.modelParams|clParams|alpha_0.00340037417768.modelParams|tpParams|minThreshold_9.modelParams|tpParams|activationThreshold_12.modelParams|tpParams|pamLength_1.modelParams|sensorParams|encoders|kw_energy_consumption:n_156.modelParams|sensorParams|encoders|_classifierInput|n_48.modelParams|spParams|synPermInactiveDec_0.0963591996848,  2000,  None,  0.5,  0.00340037417768,  9,  12,  1,  None,  156,  48,  0.0963591996848,  3.73254702034,  6.69657499955, 
1222,  38949,  completed,  eof,  2015-08-10 19:00:03,  2015-08-10 19:00:14,  11,  modelParams|clParams|alpha_0.0001.modelParams|tpParams|minThreshold_9.modelParams|tpParams|activationThreshold_12.modelParams|tpParams|pamLength_1.modelParams|sensorParams|encoders|timestamp_dayOfWeek:radius_1.modelParams|sensorParams|encoders|kw_energy_consumption:n_113.modelParams|sensorParams|encoders|_classifierInput|n_28.modelParams|spParams|synPermInactiveDec_0.1,  2000,  None,  None,  0.0001,  9,  12,  1,  1,  113,  28,  0.1,  6.73482285203,  11.2036119157, 
1222,  38950,  completed,  eof,  2015-08-10 19:00:06,  2015-08-10 19:00:17,  11,  modelParams|clParams|alpha_0.0001.modelParams|tpParams|minThreshold_9.modelParams|tpParams|activationThreshold_12.modelParams|tpParams|pamLength_1.modelParams|sensorParams|encoders|timestamp_dayOfWeek:radius_1.modelParams|sensorParams|encoders|kw_energy_consumption:n_113.modelParams|sensorParams|encoders|_classifierInput|n_28.modelParams|spParams|synPermInactiveDec_0.09376875,  2000,  None,  None,  0.0001,  9,  12,  1,  1,  113,  28,  0.09376875,  6.63800380343,  11.047563296, 
1222,  38951,  completed,  eof,  2015-08-10 19:00:14,  2015-08-10 19:00:25,  11,  modelParams|clParams|alpha_0.0001.modelParams|tpParams|minThreshold_9.modelParams|tpParams|activationThreshold_12.modelParams|tpParams|pamLength_1.modelParams|sensorParams|encoders|timestamp_dayOfWeek:radius_1.modelParams|sensorParams|encoders|kw_energy_consumption:n_119.modelParams|sensorParams|encoders|_classifierInput|n_28.modelParams|spParams|synPermInactiveDec_0.1,  2000,  None,  None,  0.0001,  9,  12,  1,  1,  119,  28,  0.1,  6.46043268868,  10.8053195109, 
1222,  38952,  completed,  eof,  2015-08-10 19:00:17,  2015-08-10 19:00:29,  12,  modelParams|clParams|alpha_0.00038575406798.modelParams|tpParams|minThreshold_9.modelParams|tpParams|activationThreshold_12.modelParams|tpParams|pamLength_1.modelParams|sensorParams|encoders|timestamp_dayOfWeek:radius_1.05990972935.modelParams|sensorParams|encoders|kw_energy_consumption:n_111.modelParams|sensorParams|encoders|_classifierInput|n_28.modelParams|spParams|synPermInactiveDec_0.0948686447113,  2000,  None,  None,  0.00038575406798,  9,  12,  1,  1.05990972935,  111,  28,  0.0948686447113,  6.58301606883,  10.9827854655, 
1222,  38953,  completed,  eof,  2015-08-10 19:00:26,  2015-08-10 19:00:37,  11,  modelParams|clParams|alpha_0.0001.modelParams|tpParams|minThreshold_9.modelParams|tpParams|activationThreshold_12.modelParams|tpParams|pamLength_1.modelParams|sensorParams|encoders|timestamp_dayOfWeek:radius_1.modelParams|sensorParams|encoders|kw_energy_consumption:n_117.modelParams|sensorParams|encoders|_classifierInput|n_28.modelParams|spParams|synPermInactiveDec_0.1,  2000,  None,  None,  0.0001,  9,  12,  1,  1,  117,  28,  0.1,  6.45502491174,  10.8274468483, 
1222,  38954,  completed,  eof,  2015-08-10 19:00:29,  2015-08-10 19:00:40,  11,  modelParams|clParams|alpha_0.00782474574211.modelParams|tpParams|minThreshold_9.modelParams|tpParams|activationThreshold_12.modelParams|tpParams|pamLength_1.modelParams|sensorParams|encoders|timestamp_dayOfWeek:radius_1.38613582953.modelParams|sensorParams|encoders|kw_energy_consumption:n_127.modelParams|sensorParams|encoders|_classifierInput|n_64.modelParams|spParams|synPermInactiveDec_0.0966781862618,  2000,  None,  None,  0.00782474574211,  9,  12,  1,  1.38613582953,  127,  64,  0.0966781862618,  7.14108065712,  11.5219848039, 
1222,  38955,  completed,  eof,  2015-08-10 19:00:37,  2015-08-10 19:00:48,  11,  modelParams|clParams|alpha_0.00056828125.modelParams|tpParams|minThreshold_9.modelParams|tpParams|activationThreshold_12.modelParams|tpParams|pamLength_1.modelParams|sensorParams|encoders|timestamp_dayOfWeek:radius_1.0234375.modelParams|sensorParams|encoders|kw_energy_consumption:n_126.modelParams|sensorParams|encoders|_classifierInput|n_30.modelParams|spParams|synPermInactiveDec_0.0890577275731,  2000,  None,  None,  0.00056828125,  9,  12,  1,  1.0234375,  126,  30,  0.0890577275731,  6.64249352956,  11.2509675066, 
1222,  38956,  completed,  eof,  2015-08-10 19:00:40,  2015-08-10 19:00:52,  12,  modelParams|clParams|alpha_0.0001.modelParams|tpParams|minThreshold_9.modelParams|tpParams|activationThreshold_12.modelParams|tpParams|pamLength_1.modelParams|sensorParams|encoders|timestamp_dayOfWeek:radius_1.modelParams|sensorParams|encoders|kw_energy_consumption:n_121.modelParams|sensorParams|encoders|_classifierInput|n_28.modelParams|spParams|synPermInactiveDec_0.1,  2000,  None,  None,  0.0001,  9,  12,  1,  1,  121,  28,  0.1,  6.52815980131,  10.9160994925, 
1222,  38957,  completed,  eof,  2015-08-10 19:00:48,  2015-08-10 19:00:59,  11,  modelParams|clParams|alpha_0.000225730560572.modelParams|tpParams|minThreshold_9.modelParams|tpParams|activationThreshold_12.modelParams|tpParams|pamLength_2.modelParams|sensorParams|encoders|timestamp_dayOfWeek:radius_1.modelParams|sensorParams|encoders|kw_energy_consumption:n_116.modelParams|sensorParams|encoders|_classifierInput|n_28.modelParams|spParams|synPermInactiveDec_0.1,  2000,  None,  None,  0.000225730560572,  9,  12,  2,  1,  116,  28,  0.1,  6.58829596056,  11.0586506838, 
1222,  38958,  completed,  eof,  2015-08-10 19:00:52,  2015-08-10 19:01:04,  12,  modelParams|clParams|alpha_0.00906472346728.modelParams|tpParams|minThreshold_9.modelParams|tpParams|activationThreshold_12.modelParams|tpParams|pamLength_1.modelParams|sensorParams|encoders|timestamp_dayOfWeek:radius_1.21940786263.modelParams|sensorParams|encoders|kw_energy_consumption:n_119.modelParams|sensorParams|encoders|_classifierInput|n_67.modelParams|spParams|synPermInactiveDec_0.0904798811284,  2000,  None,  None,  0.00906472346728,  9,  12,  1,  1.21940786263,  119,  67,  0.0904798811284,  7.09884382257,  11.4041775321, 
1222,  38959,  completed,  killed,  2015-08-10 19:00:59,  2015-08-10 19:01:04,  5,  modelParams|clParams|alpha_0.00145996480168.modelParams|tpParams|minThreshold_9.modelParams|tpParams|activationThreshold_12.modelParams|tpParams|pamLength_2.modelParams|sensorParams|encoders|timestamp_dayOfWeek:radius_1.07563973458.modelParams|sensorParams|encoders|kw_energy_consumption:n_118.modelParams|sensorParams|encoders|_classifierInput|n_34.modelParams|spParams|synPermInactiveDec_0.1,  850,  None,  None,  0.00145996480168,  9,  12,  2,  1.07563973458,  118,  34,  0.1,  6.36889505569,  11.0061126239, 
1222,  38960,  completed,  eof,  2015-08-10 19:01:04,  2015-08-10 19:01:20,  16,  modelParams|sensorParams|encoders|timestamp_timeOfDay:radius_6.25.modelParams|clParams|alpha_0.05005.modelParams|tpParams|minThreshold_11.modelParams|tpParams|activationThreshold_14.modelParams|tpParams|pamLength_3.modelParams|sensorParams|encoders|timestamp_dayOfWeek:radius_3.5.modelParams|sensorParams|encoders|kw_energy_consumption:n_105.modelParams|sensorParams|encoders|_classifierInput|n_275.modelParams|spParams|synPermInactiveDec_0.05015,  2000,  None,  6.25,  0.05005,  11,  14,  3,  3.5,  105,  275,  0.05015,  6.11440298998,  9.59938729017, 
1222,  38961,  completed,  eof,  2015-08-10 19:01:04,  2015-08-10 19:01:18,  14,  modelParams|sensorParams|encoders|timestamp_timeOfDay:radius_0.5.modelParams|clParams|alpha_0.0001.modelParams|tpParams|minThreshold_9.modelParams|tpParams|activationThreshold_12.modelParams|tpParams|pamLength_1.modelParams|sensorParams|encoders|timestamp_dayOfWeek:radius_1.0.modelParams|sensorParams|encoders|kw_energy_consumption:n_105.modelParams|sensorParams|encoders|_classifierInput|n_28.modelParams|spParams|synPermInactiveDec_0.1,  2000,  None,  0.5,  0.0001,  9,  12,  1,  1.0,  105,  28,  0.1,  4.76965865986,  8.4523791241, 
1222,  38962,  completed,  eof,  2015-08-10 19:01:18,  2015-08-10 19:01:35,  17,  modelParams|sensorParams|encoders|timestamp_timeOfDay:radius_12.0.modelParams|clParams|alpha_0.1.modelParams|tpParams|minThreshold_12.modelParams|tpParams|activationThreshold_16.modelParams|tpParams|pamLength_5.modelParams|sensorParams|encoders|timestamp_dayOfWeek:radius_6.0.modelParams|sensorParams|encoders|kw_energy_consumption:n_80.modelParams|sensorParams|encoders|_classifierInput|n_521.modelParams|spParams|synPermInactiveDec_0.0003,  2000,  None,  12.0,  0.1,  12,  16,  5,  6.0,  80,  521,  0.0003,  10.0241185485,  14.611749097, 
1222,  38963,  completed,  eof,  2015-08-10 19:01:20,  2015-08-10 19:01:34,  14,  modelParams|sensorParams|encoders|timestamp_timeOfDay:radius_9.125.modelParams|clParams|alpha_0.025075.modelParams|tpParams|minThreshold_10.modelParams|tpParams|activationThreshold_13.modelParams|tpParams|pamLength_2.modelParams|sensorParams|encoders|timestamp_dayOfWeek:radius_4.75.modelParams|sensorParams|encoders|kw_energy_consumption:n_78.modelParams|sensorParams|encoders|_classifierInput|n_151.modelParams|spParams|synPermInactiveDec_0.075075,  2000,  None,  9.125,  0.025075,  10,  13,  2,  4.75,  78,  151,  0.075075,  6.20206723481,  10.0831855466, 
1222,  38964,  completed,  eof,  2015-08-10 19:01:34,  2015-08-10 19:01:52,  18,  modelParams|sensorParams|encoders|timestamp_timeOfDay:radius_3.375.modelParams|clParams|alpha_0.075025.modelParams|tpParams|minThreshold_11.modelParams|tpParams|activationThreshold_15.modelParams|tpParams|pamLength_4.modelParams|sensorParams|encoders|timestamp_dayOfWeek:radius_2.25.modelParams|sensorParams|encoders|kw_energy_consumption:n_126.modelParams|sensorParams|encoders|_classifierInput|n_398.modelParams|spParams|synPermInactiveDec_0.025225,  2000,  None,  3.375,  0.075025,  11,  15,  4,  2.25,  126,  398,  0.025225,  6.08275342378,  9.32275190607, 
1222,  38965,  completed,  eof,  2015-08-10 19:01:35,  2015-08-10 19:01:48,  13,  modelParams|sensorParams|encoders|timestamp_timeOfDay:radius_2.16747526299.modelParams|clParams|alpha_0.0106252494518.modelParams|tpParams|minThreshold_9.modelParams|tpParams|activationThreshold_13.modelParams|tpParams|pamLength_2.modelParams|sensorParams|encoders|timestamp_dayOfWeek:radius_1.2446447119.modelParams|sensorParams|encoders|kw_energy_consumption:n_111.modelParams|sensorParams|encoders|_classifierInput|n_48.modelParams|spParams|synPermInactiveDec_0.1,  2000,  None,  2.16747526299,  0.0106252494518,  9,  13,  2,  1.2446447119,  111,  48,  0.1,  4.72217028542,  7.93541529037, 
1222,  38966,  completed,  eof,  2015-08-10 19:01:48,  2015-08-10 19:02:00,  12,  modelParams|sensorParams|encoders|timestamp_timeOfDay:radius_1.27566213665.modelParams|clParams|alpha_0.00446493904116.modelParams|tpParams|minThreshold_9.modelParams|tpParams|activationThreshold_13.modelParams|tpParams|pamLength_2.modelParams|sensorParams|encoders|timestamp_dayOfWeek:radius_1.modelParams|sensorParams|encoders|kw_energy_consumption:n_116.modelParams|sensorParams|encoders|_classifierInput|n_28.modelParams|spParams|synPermInactiveDec_0.095015,  2000,  None,  1.27566213665,  0.00446493904116,  9,  13,  2,  1,  116,  28,  0.095015,  4.53019659074,  7.79473283543, 
1222,  38967,  completed,  eof,  2015-08-10 19:01:52,  2015-08-10 19:02:04,  12,  modelParams|sensorParams|encoders|timestamp_timeOfDay:radius_3.46061266262.modelParams|clParams|alpha_0.0155254379447.modelParams|tpParams|minThreshold_9.modelParams|tpParams|activationThreshold_13.modelParams|tpParams|pamLength_2.modelParams|sensorParams|encoders|timestamp_dayOfWeek:radius_1.48445819286.modelParams|sensorParams|encoders|kw_energy_consumption:n_107.modelParams|sensorParams|encoders|_classifierInput|n_28.modelParams|spParams|synPermInactiveDec_0.1,  2000,  None,  3.46061266262,  0.0155254379447,  9,  13,  2,  1.48445819286,  107,  28,  0.1,  5.16391791468,  8.35293037645, 
1222,  38968,  completed,  eof,  2015-08-10 19:02:00,  2015-08-10 19:02:12,  12,  modelParams|sensorParams|encoders|timestamp_timeOfDay:radius_2.19200256213.modelParams|clParams|alpha_0.011741796465.modelParams|tpParams|minThreshold_9.modelParams|tpParams|activationThreshold_13.modelParams|tpParams|pamLength_2.modelParams|sensorParams|encoders|timestamp_dayOfWeek:radius_1.modelParams|sensorParams|encoders|kw_energy_consumption:n_111.modelParams|sensorParams|encoders|_classifierInput|n_51.modelParams|spParams|synPermInactiveDec_0.0907419830946,  2000,  None,  2.19200256213,  0.011741796465,  9,  13,  2,  1,  111,  51,  0.0907419830946,  5.1927950618,  8.61864237992, 
1222,  38969,  completed,  eof,  2015-08-10 19:02:04,  2015-08-10 19:02:17,  13,  modelParams|sensorParams|encoders|timestamp_timeOfDay:radius_1.09952729915.modelParams|clParams|alpha_0.00728204591675.modelParams|tpParams|minThreshold_9.modelParams|tpParams|activationThreshold_13.modelParams|tpParams|pamLength_2.modelParams|sensorParams|encoders|timestamp_dayOfWeek:radius_1.24732235595.modelParams|sensorParams|encoders|kw_energy_consumption:n_129.modelParams|sensorParams|encoders|_classifierInput|n_28.modelParams|spParams|synPermInactiveDec_0.0925219408311,  2000,  None,  1.09952729915,  0.00728204591675,  9,  13,  2,  1.24732235595,  129,  28,  0.0925219408311,  4.42194232056,  7.72948103351, 
1222,  38970,  completed,  eof,  2015-08-10 19:02:13,  2015-08-10 19:02:27,  14,  modelParams|sensorParams|encoders|timestamp_timeOfDay:radius_0.5.modelParams|clParams|alpha_0.0001.modelParams|tpParams|minThreshold_9.modelParams|tpParams|activationThreshold_12.modelParams|tpParams|pamLength_1.modelParams|sensorParams|encoders|timestamp_dayOfWeek:radius_1.modelParams|sensorParams|encoders|kw_energy_consumption:n_117.modelParams|sensorParams|encoders|_classifierInput|n_28.modelParams|spParams|synPermInactiveDec_0.1,  2000,  None,  0.5,  0.0001,  9,  12,  1,  1,  117,  28,  0.1,  4.56899759068,  7.97040315207, 
1222,  38971,  completed,  eof,  2015-08-10 19:02:17,  2015-08-10 19:02:29,  12,  modelParams|sensorParams|encoders|timestamp_timeOfDay:radius_1.32690769469.modelParams|clParams|alpha_0.00806138270398.modelParams|tpParams|minThreshold_9.modelParams|tpParams|activationThreshold_13.modelParams|tpParams|pamLength_2.modelParams|sensorParams|encoders|timestamp_dayOfWeek:radius_1.2466443412.modelParams|sensorParams|encoders|kw_energy_consumption:n_131.modelParams|sensorParams|encoders|_classifierInput|n_28.modelParams|spParams|synPermInactiveDec_0.0911866729784,  2000,  None,  1.32690769469,  0.00806138270398,  9,  13,  2,  1.2466443412,  131,  28,  0.0911866729784,  4.51829756446,  7.76677900395, 
1222,  38972,  completed,  eof,  2015-08-10 19:02:27,  2015-08-10 19:02:40,  13,  modelParams|sensorParams|encoders|timestamp_timeOfDay:radius_0.5.modelParams|clParams|alpha_0.0001.modelParams|tpParams|minThreshold_9.modelParams|tpParams|activationThreshold_13.modelParams|tpParams|pamLength_2.modelParams|sensorParams|encoders|timestamp_dayOfWeek:radius_1.modelParams|sensorParams|encoders|kw_energy_consumption:n_133.modelParams|sensorParams|encoders|_classifierInput|n_28.modelParams|spParams|synPermInactiveDec_0.1,  2000,  None,  0.5,  0.0001,  9,  13,  2,  1,  133,  28,  0.1,  4.43578429925,  7.72444386594, 
1222,  38973,  completed,  eof,  2015-08-10 19:02:29,  2015-08-10 19:02:43,  14,  modelParams|sensorParams|encoders|timestamp_timeOfDay:radius_0.5.modelParams|clParams|alpha_0.0044425094579.modelParams|tpParams|minThreshold_9.modelParams|tpParams|activationThreshold_13.modelParams|tpParams|pamLength_2.modelParams|sensorParams|encoders|timestamp_dayOfWeek:radius_1.modelParams|sensorParams|encoders|kw_energy_consumption:n_135.modelParams|sensorParams|encoders|_classifierInput|n_28.modelParams|spParams|synPermInactiveDec_0.0965022422626,  2000,  None,  0.5,  0.0044425094579,  9,  13,  2,  1,  135,  28,  0.0965022422626,  4.4702236864,  7.79629759223, 
1222,  38974,  completed,  eof,  2015-08-10 19:02:40,  2015-08-10 19:02:54,  14,  modelParams|sensorParams|encoders|timestamp_timeOfDay:radius_2.10593302538.modelParams|clParams|alpha_0.0146026522701.modelParams|tpParams|minThreshold_9.modelParams|tpParams|activationThreshold_12.modelParams|tpParams|pamLength_1.modelParams|sensorParams|encoders|timestamp_dayOfWeek:radius_1.57042490152.modelParams|sensorParams|encoders|kw_energy_consumption:n_139.modelParams|sensorParams|encoders|_classifierInput|n_90.modelParams|spParams|synPermInactiveDec_0.0857588179192,  2000,  None,  2.10593302538,  0.0146026522701,  9,  12,  1,  1.57042490152,  139,  90,  0.0857588179192,  4.98209565949,  8.38039975721, 
1222,  38975,  completed,  eof,  2015-08-10 19:02:43,  2015-08-10 19:02:56,  13,  modelParams|sensorParams|encoders|timestamp_timeOfDay:radius_0.504366976177.modelParams|clParams|alpha_0.0001.modelParams|tpParams|minThreshold_9.modelParams|tpParams|activationThreshold_13.modelParams|tpParams|pamLength_2.modelParams|sensorParams|encoders|timestamp_dayOfWeek:radius_1.modelParams|sensorParams|encoders|kw_energy_consumption:n_131.modelParams|sensorParams|encoders|_classifierInput|n_28.modelParams|spParams|synPermInactiveDec_0.1,  2000,  None,  0.504366976177,  0.0001,  9,  13,  2,  1,  131,  28,  0.1,  4.54478798895,  7.9084643215, 
1222,  38976,  completed,  eof,  2015-08-10 19:02:54,  2015-08-10 19:03:07,  13,  modelParams|sensorParams|encoders|timestamp_timeOfDay:radius_0.669920294069.modelParams|clParams|alpha_0.00188056101248.modelParams|tpParams|minThreshold_9.modelParams|tpParams|activationThreshold_13.modelParams|tpParams|pamLength_2.modelParams|sensorParams|encoders|timestamp_dayOfWeek:radius_1.0611327447.modelParams|sensorParams|encoders|kw_energy_consumption:n_136.modelParams|sensorParams|encoders|_classifierInput|n_28.modelParams|spParams|synPermInactiveDec_0.0993576093101,  2000,  None,  0.669920294069,  0.00188056101248,  9,  13,  2,  1.0611327447,  136,  28,  0.0993576093101,  4.29630302155,  7.55114118354, 
1222,  38977,  completed,  eof,  2015-08-10 19:02:56,  2015-08-10 19:03:10,  14,  modelParams|sensorParams|encoders|timestamp_timeOfDay:radius_0.5.modelParams|clParams|alpha_0.0001.modelParams|tpParams|minThreshold_9.modelParams|tpParams|activationThreshold_12.modelParams|tpParams|pamLength_2.modelParams|sensorParams|encoders|timestamp_dayOfWeek:radius_1.modelParams|sensorParams|encoders|kw_energy_consumption:n_140.modelParams|sensorParams|encoders|_classifierInput|n_28.modelParams|spParams|synPermInactiveDec_0.1,  2000,  None,  0.5,  0.0001,  9,  12,  2,  1,  140,  28,  0.1,  4.49503254646,  7.86332754119, 
1222,  38978,  completed,  eof,  2015-08-10 19:03:07,  2015-08-10 19:03:21,  14,  modelParams|sensorParams|encoders|timestamp_timeOfDay:radius_0.5.modelParams|clParams|alpha_0.000339387188363.modelParams|tpParams|minThreshold_9.modelParams|tpParams|activationThreshold_13.modelParams|tpParams|pamLength_2.modelParams|sensorParams|encoders|timestamp_dayOfWeek:radius_1.modelParams|sensorParams|encoders|kw_energy_consumption:n_142.modelParams|sensorParams|encoders|_classifierInput|n_28.modelParams|spParams|synPermInactiveDec_0.1,  2000,  None,  0.5,  0.000339387188363,  9,  13,  2,  1,  142,  28,  0.1,  4.51378016014,  7.87952755214, 
1222,  38979,  completed,  eof,  2015-08-10 19:03:10,  2015-08-10 19:03:23,  13,  modelParams|sensorParams|encoders|timestamp_timeOfDay:radius_1.07860636711.modelParams|clParams|alpha_0.00524929997116.modelParams|tpParams|minThreshold_9.modelParams|tpParams|activationThreshold_13.modelParams|tpParams|pamLength_2.modelParams|sensorParams|encoders|timestamp_dayOfWeek:radius_1.13096324985.modelParams|sensorParams|encoders|kw_energy_consumption:n_135.modelParams|sensorParams|encoders|_classifierInput|n_28.modelParams|spParams|synPermInactiveDec_0.0977845872398,  2000,  None,  1.07860636711,  0.00524929997116,  9,  13,  2,  1.13096324985,  135,  28,  0.0977845872398,  4.53098153944,  7.87180550807, 
1222,  38980,  completed,  eof,  2015-08-10 19:03:21,  2015-08-10 19:03:34,  13,  modelParams|sensorParams|encoders|timestamp_timeOfDay:radius_0.639557619939.modelParams|clParams|alpha_0.00132365278861.modelParams|tpParams|minThreshold_9.modelParams|tpParams|activationThreshold_13.modelParams|tpParams|pamLength_2.modelParams|sensorParams|encoders|timestamp_dayOfWeek:radius_1.02427017484.modelParams|sensorParams|encoders|kw_energy_consumption:n_139.modelParams|sensorParams|encoders|_classifierInput|n_28.modelParams|spParams|synPermInactiveDec_0.0998965934112,  2000,  None,  0.639557619939,  0.00132365278861,  9,  13,  2,  1.02427017484,  139,  28,  0.0998965934112,  4.44855118259,  7.854474113, 
1222,  38981,  completed,  eof,  2015-08-10 19:03:23,  2015-08-10 19:03:36,  13,  modelParams|sensorParams|encoders|timestamp_timeOfDay:radius_0.505673443915.modelParams|clParams|alpha_0.00033535558961.modelParams|tpParams|minThreshold_9.modelParams|tpParams|activationThreshold_13.modelParams|tpParams|pamLength_2.modelParams|sensorParams|encoders|timestamp_dayOfWeek:radius_1.01475484557.modelParams|sensorParams|encoders|kw_energy_consumption:n_137.modelParams|sensorParams|encoders|_classifierInput|n_28.modelParams|spParams|synPermInactiveDec_0.1,  2000,  None,  0.505673443915,  0.00033535558961,  9,  13,  2,  1.01475484557,  137,  28,  0.1,  4.45443002703,  7.74870033876, 
1222,  38982,  completed,  eof,  2015-08-10 19:03:34,  2015-08-10 19:03:48,  14,  modelParams|sensorParams|encoders|timestamp_timeOfDay:radius_0.5.modelParams|clParams|alpha_0.0001.modelParams|tpParams|minThreshold_9.modelParams|tpParams|activationThreshold_14.modelParams|tpParams|pamLength_1.modelParams|sensorParams|encoders|timestamp_dayOfWeek:radius_1.modelParams|sensorParams|encoders|kw_energy_consumption:n_137.modelParams|sensorParams|encoders|_classifierInput|n_28.modelParams|spParams|synPermInactiveDec_0.1,  2000,  None,  0.5,  0.0001,  9,  14,  1,  1,  137,  28,  0.1,  4.46786231122,  7.83093408335, 
1222,  38983,  completed,  eof,  2015-08-10 19:03:36,  2015-08-10 19:03:50,  14,  modelParams|sensorParams|encoders|timestamp_timeOfDay:radius_0.508410272609.modelParams|clParams|alpha_0.00161762064504.modelParams|tpParams|minThreshold_9.modelParams|tpParams|activationThreshold_13.modelParams|tpParams|pamLength_2.modelParams|sensorParams|encoders|timestamp_dayOfWeek:radius_1.02944486735.modelParams|sensorParams|encoders|kw_energy_consumption:n_137.modelParams|sensorParams|encoders|_classifierInput|n_28.modelParams|spParams|synPermInactiveDec_0.0996573621849,  2000,  None,  0.508410272609,  0.00161762064504,  9,  13,  2,  1.02944486735,  137,  28,  0.0996573621849,  4.34158994272,  7.62631094446, 
1222,  38984,  completed,  eof,  2015-08-10 19:03:48,  2015-08-10 19:04:01,  13,  modelParams|sensorParams|encoders|timestamp_timeOfDay:radius_0.5.modelParams|clParams|alpha_0.000377650907953.modelParams|tpParams|minThreshold_9.modelParams|tpParams|activationThreshold_13.modelParams|tpParams|pamLength_2.modelParams|sensorParams|encoders|timestamp_dayOfWeek:radius_1.modelParams|sensorParams|encoders|kw_energy_consumption:n_134.modelParams|sensorParams|encoders|_classifierInput|n_28.modelParams|spParams|synPermInactiveDec_0.1,  2000,  None,  0.5,  0.000377650907953,  9,  13,  2,  1,  134,  28,  0.1,  4.65235945862,  8.07066275521, 
1222,  38985,  completed,  killed,  2015-08-10 19:03:50,  2015-08-10 19:04:01,  11,  modelParams|sensorParams|encoders|timestamp_timeOfDay:radius_0.697949177548.modelParams|clParams|alpha_0.00212481572315.modelParams|tpParams|minThreshold_9.modelParams|tpParams|activationThreshold_14.modelParams|tpParams|pamLength_2.modelParams|sensorParams|encoders|timestamp_dayOfWeek:radius_1.06727925228.modelParams|sensorParams|encoders|kw_energy_consumption:n_139.modelParams|sensorParams|encoders|_classifierInput|n_28.modelParams|spParams|synPermInactiveDec_0.0993125125492,  1750,  None,  0.697949177548,  0.00212481572315,  9,  14,  2,  1.06727925228,  139,  28,  0.0993125125492,  4.27041611819,  7.54911521712, 
